"Angle of incidence, deg.","S-polarized","P-polarized","non-polarized"
0,0.9891036777130991,0.9891036777130991,0.9891036777130991
0.1,0.9891036943409565,0.9891036610852171,0.9891036777130868
0.2,0.9891037442244776,0.9891036112013287,0.9891036777129032
0.30000000000000004,0.9891038273635042,0.9891035280607104,0.9891036777121074
0.4,0.9891039437577752,0.9891034116621552,0.9891036777099652
0.5,0.9891040934069235,0.9891032620039724,0.9891036777054479
0.6,0.989104276310479,0.9891030790839895,0.9891036776972343
0.7,0.989104492467864,0.9891028628995501,0.989103677683707
0.7999999999999999,0.9891047418783995,0.9891026134475146,0.989103677662957
0.8999999999999999,0.9891050245412994,0.9891023307242598,0.9891036776327796
0.9999999999999999,0.9891053404556742,0.9891020147256813,0.9891036775906777
1.0999999999999999,0.9891056896205278,0.9891016654471888,0.9891036775338583
1.2,0.9891060720347622,0.9891012828837081,0.9891036774592352
1.3,0.9891064876971729,0.9891008670296836,0.9891036773634283
1.4000000000000001,0.9891069366064504,0.9891004178790737,0.989103677242762
1.5000000000000002,0.9891074187611815,0.9890999354253524,0.9891036770932669
1.6000000000000003,0.9891079341598484,0.9890994196615095,0.9891036769106789
1.7000000000000004,0.9891084828008284,0.9890988705800502,0.9891036766904393
1.8000000000000005,0.9891090646823932,0.9890982881729958,0.9891036764276946
1.9000000000000006,0.9891096798027111,0.9890976724318796,0.9891036761172953
2.0000000000000004,0.9891103281598456,0.9890970233477514,0.9891036757537985
2.1000000000000005,0.9891110097517543,0.9890963409111742,0.9891036753314641
2.2000000000000006,0.9891117245762924,0.9890956251122255,0.989103674844259
2.3000000000000007,0.9891124726312084,0.9890948759404946,0.9891036742858514
2.400000000000001,0.9891132539141474,0.9890940933850852,0.9891036736496164
2.500000000000001,0.9891140684226487,0.9890932774346126,0.9891036729286307
2.600000000000001,0.9891149161541489,0.9890924280772057,0.9891036721156773
2.700000000000001,0.9891157971059785,0.9890915453005037,0.989103671203241
2.800000000000001,0.9891167112753644,0.9890906290916573,0.9891036701835109
2.9000000000000012,0.9891176586594274,0.9890896794373305,0.989103669048379
3.0000000000000013,0.9891186392551857,0.989088696323693,0.9891036677894394
3.1000000000000014,0.9891196530595514,0.9890876797364285,0.98910366639799
3.2000000000000015,0.9891207000693336,0.989086629660728,0.9891036648650309
3.3000000000000016,0.989121780281236,0.9890855460812941,0.9891036631812651
3.4000000000000017,0.9891228936918576,0.9890844289823326,0.9891036613370952
3.5000000000000018,0.9891240402976925,0.9890832783475622,0.9891036593226273
3.600000000000002,0.9891252200951324,0.9890820941602058,0.989103657127669
3.700000000000002,0.9891264330804628,0.9890808764029938,0.9891036547417282
3.800000000000002,0.9891276792498649,0.9890796250581626,0.9891036521540137
3.900000000000002,0.9891289585994159,0.9890783401074548,0.9891036493534353
4.000000000000002,0.9891302711250891,0.9890770215321147,0.9891036463286019
4.100000000000001,0.9891316168227525,0.989075669312894,0.9891036430678233
4.200000000000001,0.9891329956881698,0.9890742834300459,0.9891036395591079
4.300000000000001,0.9891344077170018,0.9890728638633268,0.9891036357901644
4.4,0.9891358529048025,0.9890714105919943,0.9891036317483984
4.5,0.9891373312470243,0.9890699235948075,0.989103627420916
4.6,0.989138842739013,0.9890684028500273,0.9891036227945201
4.699999999999999,0.989140387376012,0.9890668483354108,0.9891036178557113
4.799999999999999,0.9891419651531596,0.9890652600282165,0.989103612590688
4.899999999999999,0.9891435760654893,0.9890636379052017,0.9891036069853455
4.999999999999998,0.9891452201079318,0.989061981942618,0.989103601025275
5.099999999999998,0.9891468972753124,0.9890602921162154,0.9891035946957638
5.1999999999999975,0.9891486075623528,0.9890585684012374,0.9891035879817951
5.299999999999997,0.9891503509636711,0.989056810772426,0.9891035808680486
5.399999999999997,0.9891521274737805,0.9890550192040111,0.9891035733388958
5.4999999999999964,0.9891539370870899,0.9890531936697193,0.9891035653784046
5.599999999999996,0.9891557797979057,0.9890513341427682,0.989103556970337
5.699999999999996,0.9891576556004285,0.9890494405958664,0.9891035480981474
5.799999999999995,0.9891595644887559,0.98904751300121,0.9891035387449829
5.899999999999995,0.9891615064568807,0.9890455513304868,0.9891035288936838
5.999999999999995,0.9891634814986928,0.9890435555548708,0.9891035185267818
6.099999999999994,0.9891654896079787,0.9890415256450238,0.9891035076265012
6.199999999999994,0.9891675307784182,0.989039461571092,0.9891034961747551
6.299999999999994,0.9891696050035905,0.9890373633027072,0.9891034841531489
6.399999999999993,0.9891717122769687,0.9890352308089829,0.9891034715429758
6.499999999999993,0.9891738525919237,0.9890330640585177,0.9891034583252207
6.5999999999999925,0.9891760259417215,0.9890308630193896,0.9891034444805555
6.699999999999992,0.9891782323195244,0.9890286276591568,0.9891034299893406
6.799999999999992,0.9891804717183919,0.9890263579448572,0.9891034148316245
6.8999999999999915,0.9891827441312792,0.989024053843006,0.9891033989871425
6.999999999999991,0.9891850495510379,0.9890217153195938,0.9891033824353159
7.099999999999991,0.9891873879704159,0.9890193423400878,0.9891033651552519
7.19999999999999,0.989189759382057,0.9890169348694291,0.9891033471257431
7.29999999999999,0.9891921637785032,0.9890144928720309,0.989103328325267
7.39999999999999,0.9891946011521909,0.9890120163117786,0.9891033087319847
7.499999999999989,0.9891970714954545,0.9890095051520261,0.9891032883237403
7.599999999999989,0.9891995748005245,0.9890069593555983,0.9891032670780614
7.699999999999989,0.9892021110595267,0.9890043788847854,0.9891032449721561
7.799999999999988,0.9892046802644864,0.989001763701346,0.9891032219829161
7.899999999999988,0.9892072824073226,0.9889991137665001,0.9891031980869114
7.999999999999988,0.9892099174798527,0.9889964290409333,0.989103173260393
8.099999999999987,0.9892125854737901,0.988993709484794,0.9891031474792921
8.199999999999987,0.9892152863807453,0.9889909550576872,0.9891031207192162
8.299999999999986,0.9892180201922258,0.9889881657186791,0.9891030929554525
8.399999999999986,0.9892207868996353,0.9889853414262944,0.9891030641629648
8.499999999999986,0.9892235864942748,0.9889824821385108,0.9891030343163928
8.599999999999985,0.989226418967342,0.9889795878127616,0.9891030033900519
8.699999999999985,0.9892292843099316,0.9889766584059333,0.9891029713579325
8.799999999999985,0.9892321825130359,0.9889736938743627,0.9891029381936993
8.899999999999984,0.9892351135675428,0.9889706941738367,0.9891029038706898
8.999999999999984,0.9892380774642388,0.9889676592595906,0.9891028683619147
9.099999999999984,0.9892410741938064,0.9889645890863035,0.989102831640055
9.199999999999983,0.989244103746826,0.9889614836081,0.989102793677463
9.299999999999983,0.9892471661137747,0.9889583427785511,0.9891027544461629
9.399999999999983,0.9892502612850276,0.9889551665506635,0.9891027139178455
9.499999999999982,0.989253389250855,0.9889519548768864,0.9891026720638707
9.599999999999982,0.9892565500014276,0.9889487077091064,0.989102628855267
9.699999999999982,0.9892597435268109,0.9889454249986447,0.9891025842627278
9.799999999999981,0.9892629698169688,0.9889421066962589,0.9891025382566139
9.89999999999998,0.9892662288617635,0.9889387527521354,0.9891024908069495
9.99999999999998,0.9892695206509526,0.9889353631158936,0.9891024418834231
10.09999999999998,0.989272845174193,0.9889319377365802,0.9891023914553866
10.19999999999998,0.9892762024210385,0.9889284765626705,0.9891023394918546
10.29999999999998,0.9892795923809405,0.9889249795420602,0.9891022859615004
10.399999999999979,0.9892830150432487,0.9889214466220719,0.9891022308326602
10.499999999999979,0.9892864703972091,0.9889178777494467,0.9891021740733279
10.599999999999978,0.9892899584319673,0.9889142728703462,0.9891021156511568
10.699999999999978,0.9892934791365653,0.9889106319303451,0.9891020555334552
10.799999999999978,0.9892970324999438,0.9889069548744381,0.989101993687191
10.899999999999977,0.9893006185109403,0.9889032416470281,0.9891019300789843
10.999999999999977,0.9893042371582917,0.9888994921919296,0.9891018646751106
11.099999999999977,0.9893078884306323,0.9888957064523678,0.9891017974415001
11.199999999999976,0.9893115723164941,0.9888918843709701,0.9891017283437321
11.299999999999976,0.9893152888043069,0.9888880258897718,0.9891016573470393
11.399999999999975,0.9893190378824005,0.988884130950208,0.9891015844163042
11.499999999999975,0.9893228195390007,0.9888801994931137,0.9891015095160571
11.599999999999975,0.9893266337622326,0.9888762314587235,0.9891014326104781
11.699999999999974,0.9893304805401201,0.9888722267866638,0.9891013536633919
11.799999999999974,0.9893343598605843,0.9888681854159562,0.9891012726382702
11.899999999999974,0.9893382717114453,0.9888641072850123,0.9891011894982288
11.999999999999973,0.989342216080422,0.9888599923316321,0.9891011042060271
12.099999999999973,0.989346192955131,0.9888558404930009,0.9891010167240659
12.199999999999973,0.9893502023230891,0.9888516517056882,0.9891009270143887
12.299999999999972,0.9893542441717088,0.9888474259056448,0.9891008350386767
12.399999999999972,0.9893583184883042,0.9888431630281991,0.9891007407582517
12.499999999999972,0.9893624252600871,0.9888388630080573,0.9891006441340722
12.599999999999971,0.989366564474167,0.988834525779297,0.9891005451267321
12.69999999999997,0.9893707361175543,0.9888301512753703,0.9891004436964623
12.79999999999997,0.9893749401771573,0.988825739429093,0.9891003398031252
12.89999999999997,0.9893791766397821,0.9888212901726523,0.9891002334062172
12.99999999999997,0.9893834454921365,0.9888168034375954,0.989100124464866
13.09999999999997,0.9893877467208245,0.988812279154831,0.9891000129378278
13.199999999999969,0.9893920803123506,0.9888077172546259,0.9890998987834883
13.299999999999969,0.9893964462531191,0.9888031176666043,0.9890997819598617
13.399999999999968,0.9894008445294327,0.9887984803197394,0.989099662424586
13.499999999999968,0.9894052751274935,0.9887938051423573,0.9890995401349254
13.599999999999968,0.989409738033403,0.9887890920621298,0.9890994150477664
13.699999999999967,0.989414233233163,0.9887843410060748,0.9890992871196189
13.799999999999967,0.9894187607126727,0.988779551900549,0.9890991563066108
13.899999999999967,0.9894233204577333,0.9887747246712515,0.9890990225644924
13.999999999999966,0.9894279124540435,0.988769859243213,0.9890988858486283
14.099999999999966,0.9894325366872034,0.9887649555408008,0.9890987461140022
14.199999999999966,0.9894371931427118,0.9887600134877094,0.9890986033152106
14.299999999999965,0.9894418818059678,0.9887550330069617,0.9890984574064647
14.399999999999965,0.9894466026622695,0.9887500140209058,0.9890983083415876
14.499999999999964,0.9894513556968163,0.988744956451207,0.9890981560740116
14.599999999999964,0.9894561408947068,0.9887398602188511,0.9890980005567789
14.699999999999964,0.9894609582409392,0.9887347252441385,0.9890978417425389
14.799999999999963,0.989465807720413,0.9887295514466811,0.9890976795835471
14.899999999999963,0.9894706893179269,0.9887243387453977,0.9890975140316622
14.999999999999963,0.9894756030181799,0.9887190870585144,0.9890973450383471
15.099999999999962,0.989480548805772,0.988713796303559,0.9890971725546656
15.199999999999962,0.9894855266652034,0.9887084663973554,0.9890969965312795
15.299999999999962,0.9894905365808743,0.9887030972560275,0.9890968169184509
15.399999999999961,0.9894955785370847,0.9886976887949872,0.989096633666036
15.499999999999961,0.9895006525180378,0.9886922409289364,0.9890964467234871
15.59999999999996,0.9895057585078344,0.9886867535718641,0.9890962560398493
15.69999999999996,0.9895108964904783,0.9886812266370385,0.9890960615637584
15.79999999999996,0.9895160664498724,0.9886756600370079,0.9890958632434401
15.89999999999996,0.9895212683698221,0.9886700536835955,0.9890956610267088
15.99999999999996,0.9895265022340322,0.9886644074878955,0.9890954548609638
16.09999999999996,0.9895317680261089,0.9886587213602703,0.9890952446931895
16.19999999999996,0.9895370657295607,0.9886529952103469,0.9890950304699537
16.29999999999996,0.9895423953277958,0.988647228947011,0.9890948121374034
16.399999999999963,0.9895477568041232,0.9886414224784079,0.9890945896412655
16.499999999999964,0.9895531501417556,0.9886355757119354,0.9890943629268455
16.599999999999966,0.9895585753238042,0.9886296885542393,0.9890941319390217
16.699999999999967,0.9895640323332834,0.9886237609112136,0.9890938966222484
16.79999999999997,0.9895695211531089,0.9886177926879913,0.9890936569205502
16.89999999999997,0.9895750417660977,0.9886117837889468,0.9890934127775222
16.99999999999997,0.9895805941549675,0.9886057341176872,0.9890931641363273
17.099999999999973,0.9895861783023391,0.9885996435770483,0.9890929109396938
17.199999999999974,0.9895917941907346,0.9885935120690946,0.9890926531299147
17.299999999999976,0.9895974418025784,0.9885873394951122,0.9890923906488454
17.399999999999977,0.9896031211201958,0.9885811257556057,0.9890921234379008
17.49999999999998,0.9896088321258151,0.9885748707502923,0.9890918514380537
17.59999999999998,0.989614574801566,0.9885685743781017,0.9890915745898339
17.69999999999998,0.9896203491294809,0.9885622365371685,0.9890912928333246
17.799999999999983,0.9896261550914942,0.9885558571248285,0.9890910061081614
17.899999999999984,0.9896319926694426,0.9885494360376157,0.9890907143535291
17.999999999999986,0.9896378618450644,0.9885429731712582,0.9890904175081613
18.099999999999987,0.9896437626000026,0.9885364684206708,0.9890901155103367
18.19999999999999,0.9896496949158005,0.9885299216799545,0.9890898082978774
18.29999999999999,0.9896556587739043,0.9885233328423902,0.9890894958081473
18.39999999999999,0.9896616541556648,0.9885167018004349,0.9890891779780498
18.499999999999993,0.9896676810423334,0.9885100284457159,0.9890888547440246
18.599999999999994,0.9896737394150653,0.9885033126690285,0.9890885260420469
18.699999999999996,0.9896798292549187,0.9884965543603293,0.989088191807624
18.799999999999997,0.9896859505428541,0.988489753408733,0.9890878519757935
18.9,0.9896921032597361,0.9884829097025073,0.9890875064811218
19,0.9896982873863323,0.9884760231290673,0.9890871552576999
19.1,0.9897045029033129,0.9884690935749727,0.9890867982391428
19.200000000000003,0.9897107497912521,0.9884621209259222,0.9890864353585871
19.300000000000004,0.989717028030627,0.9884551050667463,0.9890860665486867
19.400000000000006,0.9897233376018184,0.9884480458814066,0.9890856917416124
19.500000000000007,0.989729678485111,0.988440943252988,0.9890853108690495
19.60000000000001,0.9897360506606929,0.9884337970636949,0.9890849238621939
19.70000000000001,0.9897424541086561,0.9884266071948467,0.9890845306517514
19.80000000000001,0.9897488888089965,0.9884193735268695,0.989084131167933
19.900000000000013,0.9897553547416125,0.9884120959392951,0.9890837253404539
20.000000000000014,0.98976185188631,0.9884047743107545,0.9890833130985323
20.100000000000016,0.989768380222795,0.9883974085189723,0.9890828943708836
20.200000000000017,0.9897749397306796,0.988389998440759,0.9890824690857194
20.30000000000002,0.9897815303894807,0.9883825439520126,0.9890820371707467
20.40000000000002,0.9897881521786188,0.9883750449277047,0.9890815985531618
20.50000000000002,0.9897948050774179,0.988367501241882,0.98908115315965
20.600000000000023,0.9898014890651095,0.9883599127676569,0.9890807009163831
20.700000000000024,0.989808204120825,0.988352279377204,0.9890802417490145
20.800000000000026,0.9898149502236059,0.9883446009417526,0.9890797755826792
20.900000000000027,0.9898217273523937,0.9883368773315832,0.9890793023419884
21.00000000000003,0.989828535486038,0.9883291084160213,0.9890788219510296
21.10000000000003,0.9898353746032913,0.9883212940634305,0.9890783343333609
21.20000000000003,0.9898422446828137,0.9883134341412089,0.9890778394120112
21.300000000000033,0.9898491457031674,0.9883055285157791,0.9890773371094732
21.400000000000034,0.9898560776428216,0.9882975770525889,0.9890768273477053
21.500000000000036,0.9898630404801505,0.9882895796160996,0.989076310048125
21.600000000000037,0.9898700341934334,0.9882815360697823,0.9890757851316079
21.70000000000004,0.9898770587608561,0.988273446276112,0.989075252518484
21.80000000000004,0.9898841141605083,0.9882653100965612,0.9890747121285347
21.90000000000004,0.9898912003703866,0.9882571273915938,0.9890741638809901
22.000000000000043,0.9898983173683931,0.9882488980206591,0.9890736076945261
22.100000000000044,0.989905465132336,0.9882406218421861,0.989073043487261
22.200000000000045,0.9899126436399295,0.9882322987135731,0.9890724711767513
22.300000000000047,0.9899198528687919,0.9882239284911891,0.9890718906799905
22.40000000000005,0.9899270927964503,0.9882155110303599,0.9890713019134051
22.50000000000005,0.9899343634003378,0.988207046185366,0.989070704792852
22.60000000000005,0.9899416646577919,0.988198533809435,0.9890700992336134
22.700000000000053,0.9899489965460576,0.9881899737547334,0.9890694851503955
22.800000000000054,0.9899563590422866,0.9881813658723618,0.9890688624573243
22.900000000000055,0.9899637521235376,0.9881727100123482,0.9890682310679428
23.000000000000057,0.9899711757667744,0.9881640060236393,0.9890675908952069
23.10000000000006,0.9899786299488691,0.9881552537540967,0.9890669418514829
23.20000000000006,0.9899861146466005,0.9881464530504876,0.989066283848544
23.30000000000006,0.9899936298366535,0.9881376037584764,0.9890656167975649
23.400000000000063,0.9900011754956212,0.9881287057226229,0.9890649406091221
23.500000000000064,0.9900087516000028,0.9881197587863699,0.9890642551931863
23.600000000000065,0.9900163581262055,0.9881107627920397,0.9890635604591226
23.700000000000067,0.990023995050544,0.9881017175808234,0.9890628563156837
23.800000000000068,0.9900316623492392,0.9880926229927763,0.9890621426710078
23.90000000000007,0.9900393599984211,0.9880834788668099,0.9890614194326155
24.00000000000007,0.9900470879741267,0.9880742850406837,0.9890606865074052
24.100000000000072,0.9900548462523012,0.9880650413509982,0.9890599438016496
24.200000000000074,0.9900626348087964,0.988055747633189,0.9890591912209927
24.300000000000075,0.9900704536193732,0.9880464037215142,0.9890584286704437
24.400000000000077,0.9900783026597001,0.9880370094490526,0.9890576560543763
24.500000000000078,0.9900861819053549,0.988027564647692,0.9890568732765235
24.60000000000008,0.990094091331821,0.9880180691481234,0.9890560802399722
24.70000000000008,0.9901020309144929,0.9880085227798298,0.9890552768471613
24.800000000000082,0.9901100006286719,0.987998925371084,0.989054462999878
24.900000000000084,0.9901180004495693,0.9879892767489347,0.989053638599252
25.000000000000085,0.9901260303523031,0.9879795767392008,0.989052803545752
25.100000000000087,0.9901340903119014,0.9879698251664638,0.9890519577391825
25.200000000000088,0.9901421803033007,0.9879600218540586,0.9890511010786797
25.30000000000009,0.9901503003013471,0.987950166624064,0.9890502334627056
25.40000000000009,0.9901584502807946,0.9879402592972972,0.989049354789046
25.500000000000092,0.9901666302163078,0.9879302996933026,0.9890484649548053
25.600000000000094,0.9901748400824588,0.9879202876303435,0.9890475638564011
25.700000000000095,0.9901830798537308,0.9879102229253929,0.9890466513895618
25.800000000000097,0.9901913495045154,0.9879001053941296,0.9890457274493225
25.900000000000098,0.990199649009114,0.9878899348509207,0.9890447919300174
26.0000000000001,0.9902079783417378,0.9878797111088201,0.989043844725279
26.1000000000001,0.9902163374765074,0.9878694339795554,0.9890428857280313
26.200000000000102,0.9902247263874541,0.9878591032735204,0.9890419148304872
26.300000000000104,0.9902331450485187,0.9878487187997659,0.9890409319241422
26.400000000000105,0.9902415934335518,0.9878382803659886,0.9890399368997702
26.500000000000107,0.9902500715163143,0.9878277877785241,0.9890389296474191
26.600000000000108,0.990258579270478,0.9878172408423366,0.9890379100564073
26.70000000000011,0.990267116669624,0.9878066393610079,0.9890368780153159
26.80000000000011,0.9902756836872455,0.9877959831367294,0.9890358334119875
26.900000000000112,0.9902842802967448,0.9877852719702926,0.9890347761335188
27.000000000000114,0.9902929064714351,0.9877745056610762,0.9890337060662556
27.100000000000115,0.9903015621845418,0.9877636840070414,0.9890326230957915
27.200000000000117,0.9903102474091998,0.9877528068047164,0.9890315271069581
27.300000000000118,0.9903189621184554,0.9877418738491907,0.989030417983823
27.40000000000012,0.9903277062852667,0.9877308849341011,0.9890292956096839
27.50000000000012,0.990336479882502,0.9877198398516227,0.9890281598670623
27.600000000000122,0.9903452828829419,0.9877087383924628,0.9890270106377024
27.700000000000124,0.9903541152592775,0.987697580345842,0.9890258478025598
27.800000000000125,0.9903629769841127,0.9876863654994892,0.9890246712418009
27.900000000000126,0.9903718680299625,0.9876750936396318,0.9890234808347971
28.000000000000128,0.9903807883692531,0.9876637645509803,0.9890222764601166
28.10000000000013,0.9903897379743235,0.9876523780167216,0.9890210579955225
28.20000000000013,0.9903987168174249,0.9876409338185055,0.9890198253179652
28.300000000000132,0.9904077248707186,0.9876294317364332,0.9890185783035759
28.400000000000134,0.9904167621062817,0.9876178715490489,0.9890173168276652
28.500000000000135,0.9904258284961003,0.9876062530333244,0.9890160407647124
28.600000000000136,0.9904349240120747,0.9875945759646548,0.9890147499883648
28.700000000000138,0.9904440486260176,0.9875828401168343,0.989013444371426
28.80000000000014,0.9904532023096535,0.9875710452620589,0.9890121237858562
28.90000000000014,0.9904623850346213,0.987559191170905,0.9890107881027631
29.000000000000142,0.990471596772471,0.9875472776123204,0.9890094371923956
29.100000000000144,0.9904808374946669,0.987535304353613,0.98900807092414
29.200000000000145,0.9904901071725852,0.9875232711604383,0.9890066891665117
29.300000000000146,0.9904994057775176,0.9875111777967842,0.9890052917871509
29.400000000000148,0.9905087332806666,0.9874990240249641,0.9890038786528154
29.50000000000015,0.9905180896531502,0.9874868096055992,0.9890024496293748
29.60000000000015,0.9905274748659983,0.9874745342976099,0.9890010045818041
29.700000000000152,0.9905368888901553,0.9874621978582008,0.9889995433741781
29.800000000000153,0.9905463316964799,0.9874498000428483,0.9889980658696641
29.900000000000155,0.9905558032557441,0.9874373406052864,0.9889965719305153
30.000000000000156,0.9905653035386337,0.9874248192974956,0.9889950614180647
30.100000000000158,0.9905748325157493,0.9874122358696901,0.9889935341927196
30.20000000000016,0.990584390157605,0.9873995900703011,0.988991990113953
30.30000000000016,0.9905939764346302,0.9873868816459676,0.9889904290402989
30.400000000000162,0.9906035913171687,0.9873741103415169,0.9889888508293427
30.500000000000163,0.9906132347754779,0.9873612758999588,0.9889872553377184
30.600000000000165,0.9906229067797311,0.9873483780624651,0.9889856424210981
30.700000000000166,0.9906326073000156,0.9873354165683567,0.9889840119341862
30.800000000000168,0.9906423363063337,0.9873223911550922,0.9889823637307129
30.90000000000017,0.9906520937686041,0.9873093015582537,0.9889806976634289
31.00000000000017,0.9906618796566589,0.9872961475115252,0.988979013584092
31.100000000000172,0.9906716939402467,0.9872829287466877,0.9889773113434672
31.200000000000173,0.9906815365890304,0.9872696449935994,0.9889755907913149
31.300000000000175,0.99069140757259,0.9872562959801799,0.988973851776385
31.400000000000176,0.9907013068604201,0.9872428814323988,0.9889720941464095
31.500000000000178,0.9907112344219308,0.9872294010742567,0.9889703177480937
31.60000000000018,0.9907211902264493,0.9872158546277724,0.9889685224271109
31.70000000000018,0.9907311742432178,0.9872022418129676,0.9889667080280926
31.800000000000182,0.9907411864413945,0.9871885623478474,0.9889648743946209
31.900000000000183,0.9907512267900561,0.9871748159483913,0.9889630213692238
32.000000000000185,0.9907612952581917,0.98716100232853,0.9889611487933608
32.100000000000186,0.9907713918147103,0.9871471212001349,0.9889592565074226
32.20000000000019,0.9907815164284361,0.9871331722729966,0.9889573443507164
32.30000000000019,0.99079166906811,0.9871191552548165,0.9889554121614632
32.40000000000019,0.9908018497023904,0.9871050698511808,0.9889534597767856
32.50000000000019,0.9908120582998518,0.9870909157655483,0.9889514870327001
32.60000000000019,0.9908222948289864,0.987076692699235,0.9889494937641108
32.700000000000195,0.9908325592582032,0.9870624003513963,0.9889474798047997
32.800000000000196,0.990842851555829,0.9870480384190035,0.9889454449874162
32.9000000000002,0.9908531716901076,0.9870336065968373,0.9889433891434725
33.0000000000002,0.9908635196292017,0.9870191045774616,0.9889413121033317
33.1000000000002,0.9908738953411889,0.9870045320512081,0.9889392136961985
33.2000000000002,0.9908842987940678,0.9869898887061596,0.9889370937501136
33.3000000000002,0.990894729955752,0.9869751742281311,0.9889349520919415
33.400000000000205,0.9909051887940763,0.9869603883006518,0.988932788547364
33.500000000000206,0.9909156752767906,0.9869455306049433,0.9889306029408669
33.60000000000021,0.9909261893715648,0.9869306008199072,0.988928395095736
33.70000000000021,0.9909367310459873,0.9869155986221009,0.9889261648340442
33.80000000000021,0.9909473002675644,0.9869005236857202,0.9889239119766423
33.90000000000021,0.9909578970037213,0.9868853756825801,0.9889216363431507
34.00000000000021,0.990968521221802,0.9868701542820955,0.9889193377519487
34.100000000000215,0.9909791728890696,0.9868548591512613,0.9889170160201655
34.200000000000216,0.9909898519727057,0.9868394899546336,0.9889146709636696
34.30000000000022,0.9910005584398123,0.9868240463543049,0.9889123023970585
34.40000000000022,0.9910112922574085,0.986808528009892,0.9889099101336503
34.50000000000022,0.9910220533924354,0.9867929345785079,0.9889074939854716
34.60000000000022,0.9910328418117516,0.9867772657147456,0.9889050537632486
34.70000000000022,0.9910436574821364,0.9867615210706535,0.988902589276395
34.800000000000225,0.9910545003702887,0.9867457002957187,0.9889001003330038
34.900000000000226,0.9910653704428268,0.9867298030368428,0.9888975867398349
35.00000000000023,0.99107626766629,0.9867138289383217,0.9888950483023058
35.10000000000023,0.9910871920071366,0.9866977776418194,0.988892484824478
35.20000000000023,0.9910981434317463,0.9866816487863544,0.9888898961090504
35.30000000000023,0.9911091219064185,0.9866654420082691,0.9888872819573438
35.40000000000023,0.9911201273973732,0.9866491569412118,0.9888846421692925
35.500000000000234,0.9911311598707513,0.9866327932161132,0.9888819765434322
35.600000000000236,0.9911422192926147,0.986616350461164,0.9888792848768894
35.70000000000024,0.9911533056289452,0.9865998283017903,0.9888765669653677
35.80000000000024,0.991164418845647,0.9865832263606279,0.9888738226031375
35.90000000000024,0.9911755589085441,0.9865665442575062,0.9888710515830252
36.00000000000024,0.9911867257833828,0.9865497816094175,0.9888682536964002
36.10000000000024,0.991197919435831,0.9865329380304947,0.9888654287331629
36.200000000000244,0.9912091398314772,0.9865160131319872,0.9888625764817323
36.300000000000246,0.9912203869358313,0.986499006522235,0.9888596967290331
36.40000000000025,0.9912316607143267,0.9864819178066472,0.9888567892604869
36.50000000000025,0.9912429611323174,0.9864647465876718,0.9888538538599946
36.60000000000025,0.9912542881550798,0.9864474924647764,0.988850890309928
36.70000000000025,0.9912656417478125,0.9864301550344143,0.9888478983911134
36.80000000000025,0.9912770218756366,0.9864127338900051,0.9888448778828208
36.900000000000254,0.9912884285035942,0.9863952286219088,0.9888418285627515
37.000000000000256,0.9912998615966527,0.9863776388173923,0.9888387502070225
37.10000000000026,0.9913113211196999,0.9863599640606098,0.9888356425901548
37.20000000000026,0.9913228070375473,0.9863422039325735,0.9888325054850604
37.30000000000026,0.9913343193149292,0.9863243580111221,0.9888293386630256
37.40000000000026,0.9913458579165031,0.9863064258709018,0.9888261418937024
37.50000000000026,0.9913574228068495,0.9862884070833264,0.988822914945088
37.600000000000264,0.9913690139504725,0.9862703012165621,0.9888196575835173
37.700000000000266,0.9913806313117993,0.9862521078354879,0.9888163695736436
37.80000000000027,0.991392274855181,0.9862338265016721,0.9888130506784265
37.90000000000027,0.991403944544893,0.9862154567733439,0.9888097006591184
38.00000000000027,0.9914156403451325,0.9861969982053594,0.988806319275246
38.10000000000027,0.9914273622200236,0.9861784503491785,0.9888029062846011
38.20000000000027,0.9914391101336122,0.9861598127528242,0.9887994614432182
38.300000000000274,0.9914508840498689,0.9861410849608635,0.9887959845053662
38.400000000000276,0.9914626839326895,0.9861222665143705,0.98879247522353
38.50000000000028,0.9914745097458938,0.9861033569508935,0.9887889333483937
38.60000000000028,0.9914863614532263,0.9860843558044305,0.9887853586288284
38.70000000000028,0.9914982390183564,0.9860652626053912,0.9887817508118738
38.80000000000028,0.9915101424048782,0.9860460768805648,0.9887781096427215
38.90000000000028,0.9915220715763102,0.9860267981530912,0.9887744348647007
39.000000000000284,0.9915340264960975,0.9860074259424256,0.9887707262192615
39.100000000000286,0.9915460071276092,0.9859879597643051,0.9887669834459571
39.20000000000029,0.9915580134341404,0.9859683991307183,0.9887632062824294
39.30000000000029,0.9915700453789121,0.9859487435498632,0.9887593944643877
39.40000000000029,0.99158210292507,0.9859289925261249,0.9887555477255974
39.50000000000029,0.9915941860356874,0.9859091455600294,0.9887516657978583
39.60000000000029,0.9916062946737604,0.9858892021482156,0.988747748410988
39.700000000000294,0.9916184288022147,0.985869161783397,0.9887437952928059
39.800000000000296,0.9916305883838998,0.9858490239543255,0.9887398061691126
39.9000000000003,0.9916427733815929,0.9858287881457557,0.9887357807636743
40.0000000000003,0.9916549837579968,0.9858084538384093,0.988731718798203
40.1000000000003,0.9916672194757413,0.985788020508937,0.9887276199923392
40.2000000000003,0.9916794804973834,0.9857674876298798,0.9887234840636316
40.3000000000003,0.9916917667854062,0.9857468546696329,0.9887193107275195
40.400000000000304,0.9917040783022198,0.9857261210924055,0.9887150996973126
40.500000000000306,0.9917164150101616,0.9857052863581841,0.9887108506841729
40.60000000000031,0.991728776871498,0.9856843499226918,0.9887065633970948
40.70000000000031,0.9917411638484193,0.9856633112373488,0.988702237542884
40.80000000000031,0.9917535759030461,0.9856421697492311,0.9886978728261386
40.90000000000031,0.9917660129974262,0.9856209249010353,0.9886934689492307
41.00000000000031,0.9917784750935346,0.9855995761310274,0.988689025612281
41.100000000000314,0.9917909621532739,0.9855781228730147,0.9886845425131443
41.200000000000315,0.9918034741384769,0.9855565645562891,0.988680019347383
41.30000000000032,0.9918160110109016,0.985534900605597,0.9886754558082493
41.40000000000032,0.9918285727322359,0.98551313044109,0.9886708515866629
41.50000000000032,0.9918411592640972,0.9854912534782814,0.9886662063711893
41.60000000000032,0.9918537705680298,0.9854692691280064,0.9886615198480181
41.70000000000032,0.9918664066055075,0.985447176796372,0.9886567917009397
41.800000000000324,0.991879067337933,0.9854249758847191,0.988652021611326
41.900000000000325,0.9918917527266372,0.9854026657895694,0.9886472092581033
42.00000000000033,0.9919044627328821,0.9853802459025847,0.9886423543177334
42.10000000000033,0.9919171973178573,0.9853577156105192,0.9886374564641882
42.20000000000033,0.9919299564426816,0.9853350742951714,0.9886325153689265
42.30000000000033,0.9919427400684048,0.9853123213333382,0.9886275307008715
42.40000000000033,0.9919555481560047,0.9852894560967647,0.9886225021263847
42.500000000000334,0.9919683806663909,0.985266477952099,0.9886174293092449
42.600000000000335,0.9919812375604018,0.985243386260837,0.9886123119106194
42.70000000000034,0.9919941187988056,0.9852201803792808,0.9886071495890432
42.80000000000034,0.9920070243423009,0.9851968596584809,0.9886019420003909
42.90000000000034,0.9920199541515173,0.9851734234441883,0.9885966887978528
43.00000000000034,0.992032908187015,0.9851498710768056,0.9885913896319103
43.10000000000034,0.9920458864092835,0.9851262018913289,0.9885860441503063
43.200000000000344,0.9920588887787449,0.9851024152173012,0.9885806519980231
43.300000000000345,0.99207191525575,0.9850785103787547,0.9885752128172524
43.40000000000035,0.9920849658005829,0.9850544866941586,0.9885697262473707
43.50000000000035,0.9920980403734574,0.9850303434763634,0.9885641919249104
43.60000000000035,0.9921111389345195,0.9850060800325499,0.9885586094835347
43.70000000000035,0.992124261443846,0.9849816956641644,0.9885529785540053
43.80000000000035,0.9921374078614464,0.9849571896668724,0.9885472987641595
43.900000000000354,0.9921505781472598,0.984932561330495,0.9885415697388774
44.000000000000355,0.9921637722611595,0.9849078099389523,0.9885357911000558
44.10000000000036,0.9921769901629491,0.9848829347702055,0.9885299624665773
44.20000000000036,0.9921902318123653,0.9848579350961972,0.9885240834542812
44.30000000000036,0.9922034971690776,0.9848328101827912,0.9885181536759344
44.40000000000036,0.9922167861926854,0.9848075592897123,0.9885121727411988
44.50000000000036,0.9922300988427243,0.9847821816704854,0.9885061402566049
44.600000000000364,0.9922434350786593,0.9847566765723726,0.9885000558255159
44.700000000000365,0.9922567948598899,0.9847310432363078,0.9884939190480988
44.80000000000037,0.9922701781457489,0.9847052808968405,0.9884877295212947
44.90000000000037,0.9922835848955008,0.9846793887820621,0.9884814868387815
45.00000000000037,0.9922970150683446,0.9846533661135471,0.9884751905909459
45.10000000000037,0.9923104686234121,0.9846272121062843,0.9884688403648483
45.20000000000037,0.9923239455197687,0.984600925968613,0.9884624357441909
45.300000000000374,0.9923374457164132,0.9845745069021514,0.9884559763092824
45.400000000000375,0.992350969172279,0.9845479541017306,0.9884494616370048
45.50000000000038,0.9923645158462321,0.9845212667553258,0.988442891300779
45.60000000000038,0.9923780856970741,0.9844944440439846,0.9884362648705294
45.70000000000038,0.9923916786835398,0.984467485141758,0.988429581912649
45.80000000000038,0.9924052947642986,0.9844403892156278,0.9884228419899632
45.90000000000038,0.9924189338979542,0.9844131554254331,0.9884160446616936
46.000000000000384,0.992432596043045,0.984385782923797,0.988409189483421
46.100000000000385,0.9924462811580447,0.9843582708560547,0.9884022760070497
46.20000000000039,0.9924599892013615,0.9843306183601752,0.9883953037807683
46.30000000000039,0.9924737201313376,0.984302824566686,0.9883882723490118
46.40000000000039,0.9924874739062522,0.9842748885985965,0.9883811812524244
46.50000000000039,0.9925012504843195,0.9842468095713192,0.9883740300278193
46.60000000000039,0.9925150498236878,0.9842185865925924,0.9883668182081401
46.700000000000394,0.9925288718824421,0.9841902187623957,0.9883595453224189
46.800000000000395,0.9925427166186018,0.9841617051728754,0.9883522108957385
46.9000000000004,0.9925565839901246,0.9841330449082563,0.9883448144491904
47.0000000000004,0.9925704739549023,0.9841042370447621,0.9883373554998323
47.1000000000004,0.9925843864707636,0.9840752806505321,0.9883298335606479
47.2000000000004,0.9925983214954724,0.984046174785532,0.9883222481405023
47.3000000000004,0.9926122789867309,0.9840169185014724,0.9883145987441017
47.400000000000404,0.9926262589021759,0.9839875108417184,0.9883068848719472
47.500000000000405,0.9926402611993825,0.9839579508412029,0.9882991060202927
47.600000000000406,0.9926542858358619,0.9839282375263348,0.9882912616810984
47.70000000000041,0.9926683327690616,0.9838983699149123,0.988283351341987
47.80000000000041,0.9926824019563676,0.9838683470160283,0.988275374486198
47.90000000000041,0.9926964933551022,0.9838381678299776,0.9882673305925399
48.00000000000041,0.9927106069225252,0.9838078313481633,0.9882592191353443
48.10000000000041,0.9927247426158348,0.9837773365530036,0.9882510395844192
48.200000000000415,0.9927389003921654,0.9837466824178316,0.9882427914049985
48.300000000000416,0.9927530802085908,0.9837158679068,0.9882344740576954
48.40000000000042,0.9927672820221216,0.9836848919747828,0.9882260869984523
48.50000000000042,0.9927815057897061,0.9836537535672728,0.9882176296784895
48.60000000000042,0.992795751468233,0.9836224516202823,0.9882091015442576
48.70000000000042,0.9928100190145269,0.9835909850602409,0.9882005020373839
48.80000000000042,0.9928243083853522,0.9835593528038873,0.9881918305946198
48.900000000000425,0.992838619537412,0.9835275537581691,0.9881830866477905
49.000000000000426,0.992852952427348,0.9834955868201342,0.988174269623741
49.10000000000043,0.9928673070117395,0.9834634508768212,0.9881653789442804
49.20000000000043,0.9928816832471075,0.983431144805151,0.9881564140261292
49.30000000000043,0.9928960810899106,0.9833986674718177,0.9881473742808642
49.40000000000043,0.9929105004965463,0.9833660177331738,0.98813825911486
49.50000000000043,0.9929249414233527,0.9833331944351176,0.9881290679292352
49.600000000000435,0.9929394038266067,0.9833001964129784,0.9881198001197926
49.700000000000436,0.9929538876625266,0.9832670224913984,0.9881104550769625
49.80000000000044,0.9929683928872675,0.9832336714842151,0.9881010321857413
49.90000000000044,0.9929829194569274,0.9832001421943446,0.9880915308256359
50.00000000000044,0.9929974673275435,0.9831664334136525,0.988081950370598
50.10000000000044,0.9930120364550937,0.9831325439228418,0.9880722901889678
50.20000000000044,0.9930266267954954,0.9830984724913193,0.9880625496434073
50.300000000000445,0.993041238304607,0.9830642178770735,0.9880527280908402
50.400000000000446,0.9930558709382282,0.9830297788265462,0.9880428248823871
50.50000000000045,0.9930705246520992,0.9829951540745041,0.9880328393633017
50.60000000000045,0.9930851994019014,0.9829603423439056,0.9880227708729035
50.70000000000045,0.9930998951432572,0.982925342345771,0.9880126187445142
50.80000000000045,0.9931146118317301,0.9828901527790421,0.9880023823053861
50.90000000000045,0.9931293494228259,0.9828547723304544,0.9879920608766402
51.000000000000455,0.9931441078719907,0.9828191996743912,0.9879816537731909
51.100000000000456,0.9931588871346132,0.9827834334727479,0.9879711603036805
51.20000000000046,0.9931736871660244,0.9827474723747885,0.9879605797704065
51.30000000000046,0.9931885079214957,0.9827113150170033,0.9879499114692495
51.40000000000046,0.9932033493562428,0.9826749600229596,0.9879391546896013
51.50000000000046,0.9932182114254211,0.9826384060031605,0.9879283087142908
51.60000000000046,0.9932330940841319,0.9826016515548885,0.9879173728195102
51.700000000000465,0.9932479972874151,0.9825646952620589,0.9879063462747371
51.800000000000466,0.9932629209902565,0.9825275356950632,0.9878952283426599
51.90000000000047,0.993277865147583,0.9824901714106155,0.9878840182790992
52.00000000000047,0.9932928297142656,0.9824526009515939,0.9878727153329298
52.10000000000047,0.9933078146451171,0.9824148228468798,0.9878613187459984
52.20000000000047,0.9933228198948953,0.982376835611199,0.9878498277530472
52.30000000000047,0.9933378454182994,0.9823386377449529,0.9878382415816261
52.400000000000475,0.9933528911699743,0.9823002277340551,0.9878265594520147
52.500000000000476,0.9933679571045066,0.9822616040497643,0.9878147805771355
52.60000000000048,0.9933830431764288,0.982222765148508,0.9878029041624684
52.70000000000048,0.9933981493402151,0.9821837094717163,0.9877909294059657
52.80000000000048,0.9934132755502852,0.982144435445639,0.9877788554979621
52.90000000000048,0.9934284217610035,0.9821049414811746,0.987766681621089
53.00000000000048,0.9934435879266775,0.9820652259736837,0.9877544069501807
53.100000000000485,0.9934587740015605,0.9820252873028108,0.9877420306521856
53.200000000000486,0.9934739799398496,0.9819851238322979,0.9877295518860738
53.30000000000049,0.9934892056956866,0.9819447339097929,0.9877169698027397
53.40000000000049,0.9935044512231589,0.9819041158666646,0.9877042835449117
53.50000000000049,0.9935197164762994,0.9818632680178074,0.9876914922470534
53.60000000000049,0.9935350014090848,0.9818221886614436,0.9876785950352642
53.70000000000049,0.993550305975438,0.981780876078928,0.987665591027183
53.800000000000495,0.9935656301292278,0.9817393285345458,0.9876524793318868
53.900000000000496,0.993580973824269,0.9816975442753078,0.9876392590497884
54.0000000000005,0.9935963370143204,0.9816555215307444,0.9876259292725325
54.1000000000005,0.9936117196530886,0.9816132585126954,0.987612489082892
54.2000000000005,0.9936271216942248,0.9815707534150999,0.9875989375546623
54.3000000000005,0.9936425430913278,0.9815280044137771,0.9875852737525525
54.4000000000005,0.9936579837979423,0.9814850096662102,0.9875714967320763
54.500000000000504,0.9936734437675593,0.9814417673113263,0.9875576055394428
54.600000000000506,0.9936889229536162,0.9813982754692678,0.9875435992114421
54.70000000000051,0.9937044213094978,0.9813545322411679,0.9875294767753329
54.80000000000051,0.9937199387885354,0.9813105357089192,0.9875152372487273
54.90000000000051,0.993735475344008,0.9812662839349404,0.9875008796394742
55.00000000000051,0.9937510309291413,0.9812217749619355,0.9874864029455384
55.10000000000051,0.9937666054971082,0.9811770068126588,0.9874718061548835
55.200000000000514,0.9937821990010297,0.9811319774896642,0.987457088245347
55.300000000000516,0.9937978113939736,0.981086684975063,0.9874422481845183
55.40000000000052,0.993813442628956,0.9810411272302717,0.9874272849296138
55.50000000000052,0.993829092658942,0.9809953021957565,0.9874121974273493
55.60000000000052,0.9938447614368421,0.9809492077907752,0.9873969846138086
55.70000000000052,0.993860448915518,0.9809028419131167,0.9873816454143174
55.80000000000052,0.9938761550477767,0.9808562024388348,0.9873661787433057
55.900000000000524,0.9938918797863772,0.9808092872219785,0.9873505835041778
56.000000000000526,0.9939076230840237,0.9807620940943222,0.987334858589173
56.10000000000053,0.9939233848933717,0.9807146208650843,0.987319002879228
56.20000000000053,0.9939391651670241,0.980666865320649,0.9873030152438365
56.30000000000053,0.9939549638575332,0.9806188252242815,0.9872868945409073
56.40000000000053,0.9939707809174017,0.9805704983158392,0.9872706396166204
56.50000000000053,0.9939866162990793,0.9805218823114787,0.9872542493052789
56.600000000000534,0.9940024699549672,0.9804729749033583,0.9872377224291627
56.700000000000536,0.9940183418374157,0.9804237737593373,0.9872210577983764
56.80000000000054,0.9940342318987239,0.9803742765226696,0.9872042542106967
56.90000000000054,0.9940501400911421,0.9803244808116952,0.9871873104514186
57.00000000000054,0.9940660663668697,0.9802743842195252,0.9871702252931974
57.10000000000054,0.9940820106780575,0.9802239843137222,0.9871529974958898
57.20000000000054,0.9940979729768045,0.980173278635978,0.9871356258063912
57.300000000000544,0.9941139532151623,0.9801222647017831,0.9871181089584726
57.400000000000546,0.9941299513451317,0.9800709400000984,0.9871004456726151
57.50000000000055,0.9941459673186656,0.9800193019930132,0.9870826346558395
57.60000000000055,0.9941620010876658,0.9799673481154059,0.9870646746015359
57.70000000000055,0.9941780526039871,0.9799150757745941,0.9870465641892906
57.80000000000055,0.9941941218194346,0.9798624823499855,0.98702830208471
57.90000000000055,0.9942102086857646,0.9798095651927179,0.9870098869392412
58.000000000000554,0.9942263131546849,0.9797563216252965,0.9869913173899907
58.100000000000556,0.994242435177855,0.979702748941228,0.9869725920595416
58.20000000000056,0.994258574706886,0.9796488444046466,0.9869537095557663
58.30000000000056,0.9942747316933414,0.9795946052499361,0.9869346684716387
58.40000000000056,0.9942909060887356,0.9795400286813439,0.9869154673850398
58.50000000000056,0.994307097844536,0.9794851118725971,0.9868961048585665
58.60000000000056,0.9943233069121631,0.9794298519664985,0.9868765794393308
58.700000000000564,0.9943395332429871,0.9793742460745355,0.9868568896587613
58.800000000000566,0.994355776788334,0.9793182912764654,0.9868370340323998
58.90000000000057,0.9943720374994796,0.9792619846199101,0.9868170110596948
59.00000000000057,0.994388315327655,0.979205323119931,0.986796819223793
59.10000000000057,0.9944046102240428,0.9791483037586115,0.9867764569913271
59.20000000000057,0.99442092213978,0.9790909234846187,0.9867559228121994
59.30000000000057,0.9944372510259545,0.9790331792127721,0.9867352151193634
59.400000000000574,0.9944535968336109,0.9789750678236017,0.9867143323286063
59.500000000000576,0.9944699595137444,0.978916586162891,0.9866932728383178
59.60000000000058,0.9944863390173051,0.9788577310412295,0.9866720350292673
59.70000000000058,0.9945027352951975,0.9787984992335456,0.9866506172643715
59.80000000000058,0.9945191482982791,0.9787388874786371,0.9866290178884581
59.90000000000058,0.994535577977363,0.978678892478696,0.9866072352280295
60.00000000000058,0.9945520242832135,0.9786185108988262,0.9865852675910198
60.100000000000584,0.9945684871665523,0.9785577393665533,0.9865631132665529
60.200000000000585,0.9945849665780552,0.978496574471326,0.9865407705246906
60.30000000000059,0.9946014624683509,0.978435012764014,0.9865182376161825
60.40000000000059,0.9946179747880252,0.9783730507563947,0.9864955127722099
60.50000000000059,0.9946345034876172,0.9783106849206361,0.9864725942041266
60.60000000000059,0.9946510485176212,0.9782479116887687,0.9864494801031949
60.70000000000059,0.9946676098284872,0.9781847274521523,0.9864261686403197
60.800000000000594,0.9946841873706225,0.9781211285609369,0.9864026579657796
60.900000000000595,0.9947007810943845,0.978057111323507,0.9863789462089458
61.0000000000006,0.9947173909500929,0.9779926720059317,0.9863550314780123
61.1000000000006,0.9947340168880182,0.9779278068313939,0.9863309118597061
61.2000000000006,0.994750658858389,0.9778625119796209,0.986306585419005
61.3000000000006,0.9947673168113904,0.9777967835862997,0.9862820501988451
61.4000000000006,0.9947839906971616,0.9777306177424876,0.9862573042198246
61.500000000000604,0.9948006804658006,0.9776640104940177,0.9862323454799091
61.600000000000605,0.9948173860673598,0.9775969578408873,0.9862071719541236
61.70000000000061,0.9948341074518505,0.977529455736643,0.9861817815942467
61.80000000000061,0.9948508445692383,0.9774615000877617,0.9861561723285
61.90000000000061,0.9948675973694473,0.977393086753009,0.9861303420612282
62.00000000000061,0.9948843658023585,0.9773242115428059,0.9861042886725822
62.10000000000061,0.9949011498178092,0.977254870218573,0.9860780100181912
62.200000000000614,0.9949179493655961,0.9771850584920713,0.9860515039288337
62.300000000000615,0.9949347643954706,0.9771147720247306,0.9860247682101007
62.40000000000062,0.994951594857143,0.9770440064269765,0.9859978006420598
62.50000000000062,0.9949684407002825,0.9769727572575354,0.9859705989789089
62.60000000000062,0.9949853018745143,0.9769010200227425,0.9859431609486284
62.70000000000062,0.995002178329423,0.976828790175831,0.985915484252627
62.80000000000062,0.9950190700145499,0.9767560631162135,0.9858875665653817
62.900000000000624,0.9950359768793963,0.9766828341887599,0.9858594055340781
63.000000000000625,0.995052898873421,0.9766090986830537,0.9858309987782373
63.10000000000063,0.9950698359460419,0.9765348518326518,0.9858023438893468
63.20000000000063,0.9950867880466345,0.9764600888143208,0.9857734384304777
63.30000000000063,0.9951037551245345,0.9763848047472741,0.9857442799359043
63.40000000000063,0.9951207371290368,0.9763089946923904,0.9857148659107136
63.50000000000063,0.9951377340093935,0.9762326536514278,0.9856851938304106
63.600000000000634,0.9951547457148173,0.9761557765662243,0.9856552611405208
63.700000000000635,0.9951717721944809,0.9760783583178866,0.9856250652561838
63.80000000000064,0.9951888133975159,0.9760003937259731,0.9855946035617444
63.90000000000064,0.9952058692730128,0.9759218775476578,0.9855638734103354
64.00000000000064,0.995222939770024,0.9758428044768953,0.9855328721234596
64.10000000000063,0.9952400248375594,0.9757631691435606,0.9855015969905601
64.20000000000063,0.9952571244245908,0.9756829661125922,0.9854700452685915
64.30000000000062,0.99527423848005,0.9756021898831126,0.9854382141815814
64.40000000000062,0.9952913669528284,0.9755208348875457,0.9854061009201871
64.50000000000061,0.9953085097917793,0.9754388954907169,0.9853737026412481
64.6000000000006,0.9953256669457151,0.9753563659889477,0.9853410164673314
64.7000000000006,0.9953428383634096,0.9752732406091358,0.9853080394862728
64.8000000000006,0.9953600239935984,0.9751895135078236,0.985274768750711
64.90000000000059,0.9953772237849771,0.9751051787702573,0.9852412012776172
65.00000000000058,0.9953944376862036,0.9750202304094346,0.9852073340478191
65.10000000000058,0.9954116656458952,0.9749346623651391,0.9851731640055172
65.20000000000057,0.9954289076126331,0.9748484685029682,0.9851386880578007
65.30000000000057,0.9954461635349588,0.9747616426133408,0.9851039030741497
65.40000000000056,0.9954634333613759,0.9746741784105055,0.9850688058859407
65.50000000000055,0.9954807170403503,0.9745860695315288,0.9850333932859396
65.60000000000055,0.9954980145203094,0.9744973095352765,0.9849976620277929
65.70000000000054,0.9955153257496424,0.9744078919013803,0.9849616088255113
65.80000000000054,0.9955326506767019,0.9743178100291989,0.9849252303529504
65.90000000000053,0.995549989249803,0.9742270572367662,0.9848885232432846
66.00000000000053,0.9955673414172217,0.9741356267597219,0.9848514840884718
66.10000000000052,0.9955847071271997,0.9740435117502454,0.9848141094387226
66.20000000000051,0.9956020863279386,0.9739507052759675,0.9847763958019531
66.30000000000051,0.9956194789676046,0.9738572003188743,0.9847383396432394
66.4000000000005,0.9956368849943269,0.9737629897742086,0.9846999373842678
66.5000000000005,0.9956543043561984,0.9736680664493483,0.9846611854027734
66.60000000000049,0.9956717370012745,0.9735724230626891,0.9846220800319818
66.70000000000049,0.9956891828775745,0.9734760522425057,0.9845826175600401
66.80000000000048,0.9957066419330821,0.9733789465258128,0.9845427942294475
66.90000000000047,0.9957241141157449,0.9732810983572157,0.9845026062364803
67.00000000000047,0.9957415993734724,0.9731825000877437,0.984462049730608
67.10000000000046,0.9957590976541413,0.9730831439736938,0.9844211208139175
67.20000000000046,0.9957766089055907,0.9729830221754469,0.9843798155405188
67.30000000000045,0.9957941330756245,0.972882126756289,0.9843381299159568
67.40000000000045,0.9958116701120104,0.972780449681223,0.9842960598966167
67.50000000000044,0.995829219962483,0.9726779828157751,0.984253601389129
67.60000000000043,0.9958467825747405,0.972574717924792,0.9842107502497662
67.70000000000043,0.9958643578964445,0.9724706466712385,0.9841675022838414
67.80000000000042,0.9958819458752237,0.9723657606149878,0.9841238532451058
67.90000000000042,0.9958995464586717,0.9722600512116072,0.9840797988351395
68.00000000000041,0.9959171595943475,0.9721535098111439,0.9840353347027457
68.1000000000004,0.9959347852297752,0.9720461276569115,0.9839904564433433
68.2000000000004,0.9959524233124444,0.9719378958842632,0.9839451595983537
68.3000000000004,0.9959700737898111,0.9718288055193831,0.983899439654597
68.40000000000039,0.9959877366092975,0.971718847478063,0.9838532920436802
68.50000000000038,0.9960054117182913,0.9716080125644893,0.9838067121413903
68.60000000000038,0.9960230990641459,0.9714962914700324,0.9837596952670891
68.70000000000037,0.9960407985941819,0.9713836747720342,0.9837122366831081
68.80000000000037,0.996058510255687,0.9712701529326162,0.9836643315941516
68.90000000000036,0.996076233995913,0.971155716297474,0.9836159751466935
69.00000000000036,0.9960939697620816,0.9710403550947031,0.9835671624283924
69.10000000000035,0.9961117175013797,0.9709240594336161,0.983517888467498
69.20000000000034,0.9961294771609615,0.9708068193035841,0.9834681482322728
69.30000000000034,0.9961472486879481,0.9706886245728857,0.983417936630417
69.40000000000033,0.9961650320294277,0.9705694649875782,0.983367248508503
69.50000000000033,0.9961828271324578,0.9704493301703802,0.983316078651419
69.60000000000032,0.9962006339440618,0.9703282096195777,0.9832644217818197
69.70000000000032,0.9962184524112305,0.970206092707954,0.9832122725595922
69.80000000000031,0.9962362824809238,0.9700829686817449,0.9831596255813344
69.9000000000003,0.9962541241000686,0.9699588266596155,0.9831064753798421
70.0000000000003,0.9962719772155607,0.9698336556316808,0.9830528164236207
70.10000000000029,0.9962898417742643,0.9697074444585442,0.9829986431164042
70.20000000000029,0.9963077177230116,0.9695801818703883,0.9829439497967
70.30000000000028,0.9963256050086021,0.9694518564660934,0.9828887307373477
70.40000000000028,0.9963435035778068,0.9693224567124095,0.9828329801451081
70.50000000000027,0.9963614133773633,0.9691919709431688,0.9827766921602661
70.60000000000026,0.9963793343539786,0.9690603873585596,0.9827198608562691
70.70000000000026,0.9963972664543302,0.9689276940244446,0.9826624802393874
70.80000000000025,0.9964152096250622,0.9687938788717505,0.9826045442484064
70.90000000000025,0.9964331638127907,0.9686589296959188,0.9825460467543548
71.00000000000024,0.9964511289640995,0.9685228341564279,0.9824869815602637
71.10000000000024,0.9964691050255432,0.968385579776393,0.9824273424009681
71.20000000000023,0.9964870919436458,0.9682471539422468,0.9823671229429463
71.30000000000022,0.9965050896649008,0.9681075439035112,0.982306316784206
71.40000000000022,0.9965230981357719,0.9679667367726608,0.9822449174542163
71.50000000000021,0.9965411173026941,0.9678247195250916,0.9821829184138928
71.60000000000021,0.9965591471120715,0.9676814789991985,0.9821203130556351
71.7000000000002,0.9965771875102787,0.9675370018965685,0.9820570947034236
71.8000000000002,0.9965952384436619,0.9673912747822995,0.9819932566129808
71.90000000000019,0.9966132998585365,0.9672442840854569,0.9819287919719968
72.00000000000018,0.9966313717011908,0.9670960160996689,0.9818636939004298
72.10000000000018,0.9966494539178817,0.9669464569838784,0.98179795545088
72.20000000000017,0.9966675464548396,0.9667955927632583,0.981731569609049
72.30000000000017,0.9966856492582654,0.9666434093302996,0.9816645292942825
72.40000000000016,0.9967037622743298,0.9664898924460894,0.9815968273602096
72.50000000000016,0.9967218854491781,0.9663350277417855,0.9815284565954818
72.60000000000015,0.9967400187289241,0.9661788007203029,0.9814594097246135
72.70000000000014,0.9967581620596567,0.9660211967582297,0.9813896794089432
72.80000000000014,0.9967763153874339,0.9658622011079772,0.9813192582477055
72.90000000000013,0.9967944786582875,0.9657017989001937,0.9812481387792407
73.00000000000013,0.9968126518182207,0.9655399751464464,0.9811763134823335
73.10000000000012,0.9968308348132101,0.9653767147421948,0.9811037747777025
73.20000000000012,0.9968490275892037,0.9652120024700728,0.9810305150296382
73.30000000000011,0.9968672300921226,0.9650458230035028,0.9809565265478127
73.4000000000001,0.9968854422678607,0.9648781609106507,0.9808818015892558
73.5000000000001,0.996903664062285,0.9647090006587626,0.9808063323605238
73.6000000000001,0.9969218954212358,0.9645383266188892,0.9807301110200625
73.70000000000009,0.9969401362905262,0.9643661230710305,0.9806531296807783
73.80000000000008,0.9969583866159422,0.9641923742097307,0.9805753804128364
73.90000000000008,0.9969766463432437,0.9640170641501398,0.9804968552466917
74.00000000000007,0.9969949154181651,0.9638401769345839,0.9804175461763744
74.10000000000007,0.9970131937864134,0.9636616965396636,0.9803374451630384
74.20000000000006,0.9970314813936695,0.9634816068839269,0.9802565441387983
74.30000000000005,0.9970497781855888,0.9632998918361366,0.9801748350108628
74.40000000000005,0.9970680841078016,0.9631165352241782,0.9800923096659899
74.50000000000004,0.9970863991059097,0.9629315208446516,0.9800089599752806
74.60000000000004,0.9971047231254931,0.9627448324731724,0.9799247777993327
74.70000000000003,0.997123056112104,0.962556453875447,0.9798397549937754
74.80000000000003,0.9971413980112694,0.9623663688191504,0.97975388341521
74.90000000000002,0.9971597487684922,0.9621745610866658,0.979667154927579
75.00000000000001,0.9971781083292492,0.9619810144887411,0.9795795614089952
75.10000000000001,0.9971964766389932,0.9617857128791021,0.9794910947590476
75.2,0.9972148536431512,0.9615886401701046,0.9794017469066278
75.3,0.9972332392871271,0.9613897803494653,0.9793115098182963
75.39999999999999,0.9972516335162985,0.9611891174981513,0.9792203755072248
75.49999999999999,0.9972700362760201,0.9609866358094946,0.9791283360427574
75.59999999999998,0.9972884475116219,0.9607823196096041,0.979035383560613
75.69999999999997,0.99730686716841,0.9605761533791553,0.9789415102737826
75.79999999999997,0.9973252951916659,0.9603681217766378,0.9788467084841519
75.89999999999996,0.9973437315266479,0.9601582096631576,0.9787509705949027
75.99999999999996,0.9973621761185912,0.9599464021288762,0.9786542891237338
76.09999999999995,0.9973806289127066,0.959732684521194,0.9785566567169504
76.19999999999995,0.9973990898541806,0.9595170424747763,0.9784580661644784
76.29999999999994,0.9974175588881791,0.9592994619435449,0.978358510415862
76.39999999999993,0.9974360359598422,0.9590799292347344,0.9782579825972884
76.49999999999993,0.9974545210142891,0.9588584310451629,0.978156476029726
76.59999999999992,0.9974730139966149,0.9586349544998236,0.9780539842482192
76.69999999999992,0.9974915148518918,0.9584094871929575,0.9779505010224246
76.79999999999991,0.9975100235251703,0.9581820172317513,0.9778460203784608
76.8999999999999,0.9975285399614792,0.9579525332828065,0.9777405366221428
76.9999999999999,0.9975470641058215,0.9577210246215687,0.977634044363695
77.0999999999999,0.9975655959031828,0.9574874811848755,0.9775265385440292
77.19999999999989,0.9975841352985235,0.9572518936268171,0.9774180144626703
77.29999999999988,0.997602682236782,0.957014253378114,0.977308467807448
77.39999999999988,0.9976212366628779,0.9567745527092175,0.9771978946860478
77.49999999999987,0.9976397985217051,0.9565327847973574,0.9770862916595313
77.59999999999987,0.9976583677581387,0.9562889437977682,0.9769736557779534
77.69999999999986,0.9976769443170328,0.9560430249193634,0.9768599846181981
77.79999999999986,0.9976955281432179,0.9557950245050978,0.9767452763241579
77.89999999999985,0.9977141191815052,0.9555449401173254,0.9766295296494153
77.99999999999984,0.9977327173766851,0.9552927706284232,0.9765127440025542
78.09999999999984,0.997751322673526,0.955038516317033,0.9763949194952795
78.19999999999983,0.9977699350167771,0.9547821789702134,0.9762760569934953
78.29999999999983,0.9977885543511653,0.9545237619918951,0.9761561581715302
78.39999999999982,0.9978071806213987,0.9542632705179873,0.976035225569693
78.49999999999982,0.9978258137721647,0.9540007115385456,0.9759132626553552
78.59999999999981,0.9978444537481295,0.953736094027414,0.9757902738877717
78.6999999999998,0.9978631004939403,0.9534694290797927,0.9756662647868666
78.7999999999998,0.9978817539542252,0.9532007300581947,0.97554124200621
78.89999999999979,0.9979004140735906,0.9529300127472864,0.9754152134104386
78.99999999999979,0.9979190807966254,0.9526572955181408,0.9752881881573832
79.09999999999978,0.9979377540678973,0.9523825995024605,0.975160176785179
79.19999999999978,0.9979564338319555,0.9521059487773458,0.9750311913046507
79.29999999999977,0.99797512003333,0.9518273705612301,0.9749012452972801
79.39999999999976,0.9979938126165319,0.9515468954216406,0.9747703540190862
79.49999999999976,0.9980125115260526,0.951264557495462,0.9746385345107573
79.59999999999975,0.9980312167063669,0.95098039472243,0.9745058057143985
79.69999999999975,0.9980499281019277,0.9506944490926224,0.974372188597275
79.79999999999974,0.9980686456571713,0.9504067669087408,0.9742377062829561
79.89999999999974,0.9980873693165156,0.9501173990640472,0.9741023841902814
79.99999999999973,0.9981060990243612,0.949826401336814,0.9739662501805876
80.09999999999972,0.9981248347250873,0.9495338347022491,0.9738293347136682
80.19999999999972,0.9981435763630591,0.9492397656628535,0.9736916710129563
80.29999999999971,0.998162323882622,0.9489442665982545,0.9735532952404382
80.39999999999971,0.9981810772281029,0.9486474161355682,0.9734142466818356
80.4999999999997,0.9981998363438129,0.9483492995414327,0.9732745679426228
80.5999999999997,0.9982186011740454,0.9480500091368755,0.9731343051554604
80.69999999999969,0.9982373716630747,0.9477496447362361,0.9729935081996555
80.79999999999968,0.9982561477551603,0.9474483141114232,0.9728522309332917
80.89999999999968,0.9982749293945437,0.9471461334828217,0.9727105314386827
80.99999999999967,0.9982937165254493,0.9468432280382272,0.9725684722818382
81.09999999999967,0.9983125090920857,0.9465397324812204,0.972426120786653
81.19999999999966,0.9983313070386427,0.9462357916104557,0.9722835493245492
81.29999999999966,0.9983501103092962,0.9459315609313558,0.972140835620326
81.39999999999965,0.9983689188482036,0.9456272073017742,0.9719980630749889
81.49999999999964,0.9983877325995091,0.9453229096131914,0.9718553211063503
81.59999999999964,0.9984065515073368,0.9450188595090652,0.971712705508201
81.69999999999963,0.998425375515799,0.9447152621419497,0.9715703188288743
81.79999999999963,0.9984442045689885,0.944412336971038,0.9714282707700133
81.89999999999962,0.9984630386109851,0.9441103186017562,0.9712866786063706
81.99999999999962,0.9984818775858516,0.9438094576690514,0.9711456676274515
82.09999999999961,0.9985007214376367,0.9435100217659571,0.9710053716017969
82.1999999999996,0.9985195701103722,0.9432122964190199,0.9708659332646961
82.2999999999996,0.9985384235480766,0.9429165861120538,0.9707275048300652
82.3999999999996,0.9985572816947518,0.9426232153596407,0.9705902485271962
82.49999999999959,0.9985761444943863,0.9423325298316586,0.9704543371630224
82.59999999999958,0.9985950118909521,0.9420448975299679,0.97031995471046
82.69999999999958,0.9986138838284088,0.9417607100182136,0.9701872969233112
82.79999999999957,0.9986327602506997,0.9414803837054555,0.9700565719780776
82.89999999999957,0.9986516411017549,0.9412043611840795,0.9699280011429172
82.99999999999956,0.9986705263254901,0.9409331126220991,0.9698018194737946
83.09999999999955,0.9986894158658068,0.9406671372095718,0.9696782765376893
83.19999999999955,0.9987083096665921,0.9404069646583924,0.9695576371624922
83.29999999999954,0.998727207671721,0.9401531567542009,0.9694401822129609
83.39999999999954,0.9987461098250533,0.9399063089584828,0.9693262093917681
83.49999999999953,0.9987650160704359,0.9396670520582717,0.9692160340643539
83.59999999999953,0.9987839263517021,0.9394360538599927,0.9691099901058474
83.69999999999952,0.9988028406126725,0.9392140209230634,0.9690084307678679
83.79999999999951,0.9988217587971538,0.9390017003277994,0.9689117295624766
83.89999999999951,0.9988406808489413,0.9387998814709392,0.9688202811599402
83.9999999999995,0.9988596067118154,0.9386093978807414,0.9687345022962783
84.0999999999995,0.9988785363295453,0.9384311290420864,0.9686548326858158
84.19999999999949,0.9988974696458873,0.9382660022202591,0.9685817359330733
84.29999999999949,0.9989164066045848,0.9381149942702235,0.9685157004374041
84.39999999999948,0.9989353471493703,0.937979133416041,0.9684572402827056
84.49999999999947,0.9989542912239625,0.9378595009827879,0.9684068961033752
84.59999999999947,0.9989732387720696,0.937757233060738,0.9683652359164038
84.69999999999946,0.9989921897373868,0.9376735220788058,0.9683328559080964
84.79999999999946,0.9990111440635985,0.9376096182612108,0.9683103811624046
84.89999999999945,0.9990301016943758,0.937566830938043,0.9682984663162094
84.99999999999945,0.9990490625733809,0.9375465296769365,0.9682977961251586
85.09999999999944,0.9990680266442631,0.937550145199316,0.9683090859217895
85.19999999999943,0.9990869938506605,0.9375791700407679,0.9683330819457141
85.29999999999943,0.9991059641362012,0.9376351589109927,0.9683705615235969
85.39999999999942,0.9991249374445006,0.9377197287045634,0.9684223330745321
85.49999999999942,0.9991439137191654,0.9378345581094032,0.9684892359142843
85.59999999999941,0.9991628929037903,0.9379813867555642,0.9685721398296773
85.6999999999994,0.99918187494196,0.9381620138426425,0.9686719443923013
85.7999999999994,0.9992008597772488,0.9383782961800822,0.9687895779786655
85.8999999999994,0.9992198473532208,0.9386321455708098,0.9689259964620153
85.99999999999939,0.9992388376134298,0.9389255254653522,0.9690821815393911
86.09999999999938,0.9992578305014198,0.9392604468108215,0.9692591386561207
86.19999999999938,0.9992768259607253,0.9396389630172852,0.9694578944890053
86.29999999999937,0.9992958239348708,0.9400631639631611,0.969679493949016
86.39999999999937,0.999314824367371,0.9405351689617268,0.9699249966645489
86.49999999999936,0.9993338272017315,0.9410571186127975,0.9701954729072645
86.59999999999935,0.999352832381449,0.9416311654675364,0.9704919989244927
86.69999999999935,0.999371839850011,0.94225946344032,0.9708156516451655
86.79999999999934,0.9993908495508952,0.9429441559101401,0.9711675027305177
86.89999999999934,0.9994098614275709,0.9436873624652898,0.9715486119464304
86.99999999999933,0.9994288754234989,0.9444911642594866,0.9719600198414928
87.09999999999933,0.9994478914821312,0.9453575879653553,0.9724027397237432
87.19999999999932,0.999466909546912,0.9462885883324985,0.9728777489397052
87.29999999999932,0.9994859295612759,0.9472860293824896,0.9733859794718828
87.39999999999931,0.9995049514686508,0.9483516643019259,0.9739283078852883
87.4999999999993,0.9995239752124545,0.9494871141273128,0.9745055446698836
87.5999999999993,0.9995430007361003,0.9506938453515562,0.9751184230438282
87.69999999999929,0.99956202798299,0.9519731466210908,0.9757675873020404
87.79999999999929,0.9995810568965203,0.9533261047343903,0.9764535808154553
87.89999999999928,0.9996000874200791,0.9547535801961438,0.9771768338081115
87.99999999999928,0.9996191194970475,0.9562561826255429,0.9779376510612952
88.09999999999927,0.9996381530707997,0.9578342463608684,0.9787361997158341
88.19999999999926,0.9996571880847018,0.9594878066442702,0.979572497364486
88.29999999999926,0.9996762244821142,0.961216576808575,0.9804464006453446
88.39999999999925,0.9996952622063897,0.9630199269204923,0.981357594563441
88.49999999999925,0.9997143012008747,0.9648968643595794,0.9823055827802271
88.59999999999924,0.9997333414089085,0.9668460168278312,0.9832896791183698
88.69999999999924,0.9997523827738254,0.9688656182889641,0.9843090005313948
88.79999999999923,0.9997714252389517,0.9709534983274998,0.9853624617832257
88.89999999999922,0.9997904687476096,0.9731070753942705,0.9864487720709401
88.99999999999922,0.9998095132431134,0.9753233543656806,0.987566433804397
89.09999999999921,0.9998285586687717,0.977598928788913,0.9887137437288424
89.1999999999992,0.9998476049678895,0.9799299881137796,0.9898887965408345
89.2999999999992,0.9998666520837638,0.9823123301252614,0.9910894911045126
89.3999999999992,0.9998856999596875,0.9847413786906236,0.9923135393251555
89.49999999999919,0.9999047485389476,0.987212206823379,0.9935584776811632
89.59999999999918,0.9999237977648268,0.989719564946387,0.9948216813556069
89.69999999999918,0.9999428475806017,0.9922579141122085,0.9961003808464051
89.79999999999917,0.9999618979295446,0.9948214638142536,0.9973916808718991
89.89999999999917,0.999980948754923,0.9974042139017839,0.9986925813283535
89.99999999999916,1,1,1