Wavelength (nm),Transmittance
200,0.0588147
210,0.0632058
220,0.0611704
230,0.059236
240,0.056358
250,0.0523409
260,0.0482775
270,0.0461168
280,0.0454131
290,0.0460876
300,0.0482349
310,0.0522086
320,0.0578614
330,0.0653852
340,0.0727358
350,0.0790711
360,0.0839528
370,0.0864141
380,0.0880427
390,0.0909961
400,0.0945565
410,0.099691
420,0.105849
430,0.1136297
440,0.1234951
450,0.1371557
460,0.1542994
470,0.1734265
480,0.1945801
490,0.2167771
500,0.2302336
510,0.2298721
520,0.2183762
530,0.1981003
540,0.1762816
550,0.1574658
560,0.1449729
570,0.1411747
580,0.1427156
590,0.1466411
600,0.1484221
610,0.1499749
620,0.151423
630,0.1566617
640,0.1587696
650,0.1564875
660,0.1396878
670,0.1206655
680,0.1018508
690,0.086649
700,0.0770169
710,0.0687942
720,0.0624927
730,0.0569358
740,0.0526775
750,0.048813
760,0.0456113
770,0.0427231
780,0.0400707
790,0.0376311
800,0.0353839
810,0.0335257
820,0.0317954
830,0.030314
840,0.029164
850,0.0280741
860,0.0270763
870,0.0261629
880,0.0252927
890,0.0244065
900,0.0234945
910,0.0226295
920,0.0218148
930,0.0210734
940,0.0203672
950,0.0196939
960,0.0191549
970,0.0186964
980,0.0182538
990,0.0178264
1000,0.0173876
1010,0.0169586
1020,0.0165449
1030,0.0161459
1040,0.0156417
1050,0.0151058
1060,0.0145952
1070,0.0141084
1080,0.0136468
1090,0.0132176
1100,0.0128072
1110,0.0124145
1120,0.0120385
1130,0.0116837
1140,0.0113562
1150,0.0110417
1160,0.0107394
1170,0.0104488
1180,0.0101693
1190,0.0100485
1200,0.0099427
1210,0.0098385
1220,0.0097357
1230,0.0096344
1240,0.0095399
1250,0.0098056
1260,0.0100747
1270,0.0103472
1280,0.0106232
1290,0.0109025
1300,0.0111852
1310,0.0114593
1320,0.0117236
1330,0.0119901
1340,0.0122589
1350,0.0125299
1360,0.0128031
1370,0.0130785
1380,0.0132635
1390,0.0131551
1400,0.0130479
1410,0.0129418
1420,0.0128368
1430,0.012733
1440,0.0126302
1450,0.0125286
1460,0.0124162
1470,0.0122311
1480,0.01205
1490,0.0118729
1500,0.0116997
1510,0.0115302
1520,0.0113644
1530,0.011202
1540,0.0110431
1550,0.010888
1560,0.0107567
1570,0.0106278
1580,0.0105013
1590,0.0103769
1600,0.0102547
1610,0.0101347
1620,0.0100168
1630,0.0099009
1640,0.009787
1650,0.009675
1660,0.0095642
1670,0.009455
1680,0.0093476
1690,0.009242
1700,0.0091382
1710,0.0090361
1720,0.0089358
1730,0.008837
1740,0.0087399
1750,0.0086444
1760,0.0085505
1770,0.0084581
1780,0.0083732
1790,0.0082905
1800,0.0082089
1810,0.0081286
1820,0.0080494
1830,0.0079714
1840,0.0078945
1850,0.0078187
1860,0.0077439
1870,0.0076703
1880,0.0075977
1890,0.0075261
1900,0.0074555
1910,0.0073858
1920,0.007317
1930,0.0072491
1940,0.0071821
1950,0.007116
1960,0.0070509
1970,0.0069867
1980,0.0069233
1990,0.0068607
2000,0.0067991
2010,0.0067382
2020,0.0066782
2030,0.0066189
2040,0.0065605
2050,0.0065028
2060,0.0064458
2070,0.0063896
2080,0.0063342
2090,0.0062795
2100,0.0062255
2110,0.0061722
2120,0.0061196
2130,0.0060676
2140,0.0060163
2150,0.0059657
2160,0.0059157
2170,0.0058663
2180,0.0058175
2190,0.0057693
2200,0.0057217
2210,0.0056748
2220,0.0056283
2230,0.0055825
2240,0.0055372
2250,0.0054925
2260,0.0054491
2270,0.0054068
2280,0.005365
2290,0.0053237
2300,0.0052829
2310,0.0052426
2320,0.0052027
2330,0.0051632
2340,0.0051242
2350,0.0050857
2360,0.0050475
2370,0.0050098
2380,0.0049725
2390,0.0049357
2400,0.0048992
2410,0.0048632
2420,0.0048275
2430,0.0047922
2440,0.0047573
2450,0.0047228
2460,0.0046887
2470,0.0046549
2480,0.0046242
2490,0.0046819
2500,0.0047398
2510,0.0047981
2520,0.0048567
2530,0.0049157
2540,0.0049749
2550,0.0050345
2560,0.0050944
2570,0.0051546
2580,0.0052151
2590,0.005276
2600,0.0053371
2610,0.0053986
2620,0.0054604
2630,0.0055225
2640,0.0055849
2650,0.0056477
2660,0.0057107
2670,0.0057741
2680,0.0058377
2690,0.0059017
2700,0.005966
2710,0.0060306
2720,0.0060955
2730,0.0061607
2740,0.0062262
2750,0.006292
2760,0.0063581
2770,0.0064245
2780,0.0064912
2790,0.0065583
2800,0.0066256
2810,0.0066932
2820,0.0067611
2830,0.0068294
2840,0.0068979
2850,0.0069667
2860,0.0070358
2870,0.0071052
2880,0.0071749
2890,0.0072449
2900,0.0073152
2910,0.0073858
2920,0.0074566
2930,0.0075278
2940,0.0075993
2950,0.007671
2960,0.007743
2970,0.0078154
2980,0.007888
2990,0.0079609
3000,0.0080341
3010,0.0081075
3020,0.0081813
3030,0.0082553
3040,0.0083296
3050,0.0084043
3060,0.0084791
3070,0.0085543
3080,0.0086298
3090,0.0087055
3100,0.0087815
3110,0.0088578
3120,0.0089344
3130,0.0090113
3140,0.0090884
3150,0.0091658
3160,0.0092435
3170,0.0093215
3180,0.0093997
3190,0.0094782
3200,0.009557
3210,0.0096361
3220,0.0097154
3230,0.009795
3240,0.0098749
3250,0.009955
3260,0.0100355
3270,0.0101162
3280,0.0101971
3290,0.0102784
3300,0.0103599
3310,0.0104416
3320,0.0105237
3330,0.010606
3340,0.0106885
3350,0.0107714
3360,0.0108545
3370,0.0109379
3380,0.0110215
3390,0.0111054
3400,0.0111896
3410,0.011274
3420,0.0113587
3430,0.0114436
3440,0.0115288
3450,0.0116143
3460,0.0117
3470,0.011786
3480,0.0118723
3490,0.0119588
3500,0.0120456
3510,0.0121326
3520,0.0122199
3530,0.0123074
3540,0.0123952
3550,0.0124833
3560,0.0125716
3570,0.0126602
3580,0.012749
3590,0.012838
3600,0.0129274
3610,0.013017
3620,0.0131068
3630,0.0131969
3640,0.0132872
3650,0.0133778
3660,0.0134687
3670,0.0135598
3680,0.0136511
3690,0.0137427
3700,0.0138345
3710,0.0139266
3720,0.014019
3730,0.0141116
3740,0.0142044
3750,0.0142975
3760,0.0143908
3770,0.0144844
3780,0.0145782
3790,0.0146723
3800,0.0147666
3810,0.0148612
3820,0.014956
3830,0.015051
3840,0.0151463
3850,0.0152418
3860,0.0153376
3870,0.0154336
3880,0.0155299
3890,0.0156264
3900,0.0157231
3910,0.0158201
3920,0.0159173
3930,0.0160148
3940,0.0161125
3950,0.0162104
3960,0.0163086
3970,0.016407
3980,0.0165057
3990,0.0166045
4000,0.0167037
4010,0.016803
4020,0.0169026
4030,0.0170025
4040,0.0171025
4050,0.0172029
4060,0.0173034
4070,0.0174042
4080,0.0175052
4090,0.0176064
4100,0.0177079
4110,0.0178096
4120,0.0179115
4130,0.0180137
4140,0.0181161
4150,0.0182188
4160,0.0183216
4170,0.0184247
4180,0.0185281
4190,0.0186316
4200,0.0187354
4210,0.0188394
4220,0.0189437
4230,0.0190481
4240,0.0191528
4250,0.0192578
4260,0.0193629
4270,0.0194683
4280,0.0195739
4290,0.0196797
4300,0.0197858
4310,0.0198921
4320,0.0199986
4330,0.0201053
4340,0.0202123
4350,0.0203195
4360,0.0204269
4370,0.0205345
4380,0.0206424
4390,0.0207505
4400,0.0208588
4410,0.0209673
4420,0.021076
4430,0.021185
4440,0.0212942
4450,0.0214036
4460,0.0215132
4470,0.0216231
4480,0.0217331
4490,0.0218434
4500,0.0219539
4510,0.0220647
4520,0.0221756
4530,0.0222868
4540,0.0223982
4550,0.0225097
4560,0.0226216
4570,0.0227336
4580,0.0228458
4590,0.0229583
4600,0.023071
4610,0.0231839
4620,0.023297
4630,0.0234103
4640,0.0235239
4650,0.0236376
4660,0.0237516
4670,0.0238658
4680,0.0239802
4690,0.0240948
4700,0.0242096
4710,0.0243246
4720,0.0244398
4730,0.0245553
4740,0.024671
4750,0.0247869
4760,0.0249029
4770,0.0250192
4780,0.0251357
4790,0.0252525
4800,0.0253694
4810,0.0254865
4820,0.0256039
4830,0.0257214
4840,0.0258392
4850,0.0259572
4860,0.0260753
4870,0.0261937
4880,0.0263123
4890,0.0264311
4900,0.0265501
4910,0.0266693
4920,0.0267888
4930,0.0269084
4940,0.0270282
4950,0.0271482
4960,0.0272685
4970,0.0273889
4980,0.0275096
4990,0.0276304
5000,0.0277515
5010,0.0278727
5020,0.0279942
5030,0.0281158
5040,0.0282377
5050,0.0283598
5060,0.028482
5070,0.0286045
5080,0.0287272
5090,0.02885
5100,0.0289731
5110,0.0290964
5120,0.0292198
5130,0.0293435
5140,0.0294674
5150,0.0295914
5160,0.0297157
5170,0.0298402
5180,0.0299648
5190,0.0300897
5200,0.0302147
5210,0.03034
5220,0.0304655
5230,0.0305911
5240,0.0307169
5250,0.030843
5260,0.0309692
5270,0.0310956
5280,0.0312223
5290,0.0313491
5300,0.0314761
5310,0.0316033
5320,0.0317307
5330,0.0318583
5340,0.0319861
5350,0.0321141
5360,0.0322423
5370,0.0323706
5380,0.0324992
5390,0.032628
5400,0.0327569
5410,0.032886
5420,0.0330154
5430,0.0331449
5440,0.0332746
5450,0.0334045
5460,0.0335346
5470,0.0336649
5480,0.0337953
5490,0.033926
5500,0.0340568
5510,0.0341879
5520,0.0343191
5530,0.0344505
5540,0.0345821
5550,0.0347139
5560,0.0348459
5570,0.034978
5580,0.0351104
5590,0.0352429
5600,0.0353756
5610,0.0355085
5620,0.0356416
5630,0.0357749
5640,0.0359084
5650,0.036042
5660,0.0361758
5670,0.0363099
5680,0.0364441
5690,0.0365785
5700,0.036713
5710,0.0368478
5720,0.0369827
5730,0.0371178
5740,0.0372531
5750,0.0373886
5760,0.0375243
5770,0.0376601
5780,0.0377961
5790,0.0379323
5800,0.0380687
5810,0.0382053
5820,0.038342
5830,0.0384789
5840,0.038616
5850,0.0387533
5860,0.0388908
5870,0.0390284
5880,0.0391663
5890,0.0393043
5900,0.0394424
5910,0.0395808
5920,0.0397193
5930,0.039858
5940,0.0399969
5950,0.040136
5960,0.0402752
5970,0.0404146
5980,0.0405542
5990,0.040694
6000,0.0408339
6010,0.040974
6020,0.0411143
6030,0.0412548
6040,0.0413954
6050,0.0415363
6060,0.0416772
6070,0.0418184
6080,0.0419597
6090,0.0421012
6100,0.0422429
6110,0.0423848
6120,0.0425268
6130,0.042669
6140,0.0428114
6150,0.0429539
6160,0.0430966
6170,0.0432395
6180,0.0433825
6190,0.0435258
6200,0.0436691
6210,0.0438127
6220,0.0439564
6230,0.0441003
6240,0.0442444
6250,0.0443886
6260,0.044533
6270,0.0446776
6280,0.0448224
6290,0.0449673
6300,0.0451123
6310,0.0452576
6320,0.045403
6330,0.0455486
6340,0.0456943
6350,0.0458402
6360,0.0459863
6370,0.0461325
6380,0.0462789
6390,0.0464255
6400,0.0465722
6410,0.0467191
6420,0.0468662
6430,0.0470134
6440,0.0471608
6450,0.0473084
6460,0.0474561
6470,0.047604
6480,0.047752
6490,0.0479002
6500,0.0480486
6510,0.0481971
6520,0.0483458
6530,0.0484947
6540,0.0486437
6550,0.0487929
6560,0.0489422
6570,0.0490917
6580,0.0492413
6590,0.0493912
6600,0.0495411
6610,0.0496913
6620,0.0498416
6630,0.049992
6640,0.0501426
6650,0.0502934
6660,0.0504443
6670,0.0505954
6680,0.0507467
6690,0.0508981
6700,0.0510496
6710,0.0512013
6720,0.0513532
6730,0.0515052
6740,0.0516574
6750,0.0518097
6760,0.0519622
6770,0.0521149
6780,0.0522677
6790,0.0524206
6800,0.0525738
6810,0.052727
6820,0.0528804
6830,0.053034
6840,0.0531877
6850,0.0533416
6860,0.0534957
6870,0.0536498
6880,0.0538042
6890,0.0539587
6900,0.0541133
6910,0.0542681
6920,0.0544231
6930,0.0545782
6940,0.0547334
6950,0.0548888
6960,0.0550444
6970,0.0552001
6980,0.0553559
6990,0.0555119
7000,0.0556681
7010,0.0558244
7020,0.0559808
7030,0.0561374
7040,0.0562942
7050,0.056451
7060,0.0566081
7070,0.0567653
7080,0.0569226
7090,0.0570801
7100,0.0572377
7110,0.0573955
7120,0.0575534
7130,0.0577115
7140,0.0578697
7150,0.0580281
7160,0.0581866
7170,0.0583452
7180,0.058504
7190,0.058663
7200,0.058822
7210,0.0589813
7220,0.0591407
7230,0.0593002
7240,0.0594598
7250,0.0596196
7260,0.0597796
7270,0.0599397
7280,0.0600999
7290,0.0602603
7300,0.0604208
7310,0.0605815
7320,0.0607423
7330,0.0609032
7340,0.0610643
7350,0.0612255
7360,0.0613869
7370,0.0615484
7380,0.06171
7390,0.0618718
7400,0.0620337
7410,0.0621958
7420,0.062358
7430,0.0625203
7440,0.0626828
7450,0.0628454
7460,0.0630082
7470,0.0631711
7480,0.0633341
7490,0.0634973
7500,0.0636606
7510,0.063824
7520,0.0639876
7530,0.0641513
7540,0.0643152
7550,0.0644791
7560,0.0646433
7570,0.0648075
7580,0.0649719
7590,0.0651364
7600,0.0653011
7610,0.0654659
7620,0.0656308
7630,0.0657959
7640,0.0659611
7650,0.0661264
7660,0.0662919
7670,0.0664575
7680,0.0666232
7690,0.0667891
7700,0.0669551
7710,0.0671212
7720,0.0672875
7730,0.0674539
7740,0.0676204
7750,0.067787
7760,0.0679538
7770,0.0681207
7780,0.0682878
7790,0.068455
7800,0.0686223
7810,0.0687897
7820,0.0689573
7830,0.069125
7840,0.0692928
7850,0.0694607
7860,0.0696288
7870,0.069797
7880,0.0699654
7890,0.0701338
7900,0.0703024
7910,0.0704711
7920,0.07064
7930,0.0708089
7940,0.070978
7950,0.0711473
7960,0.0713166
7970,0.0714861
7980,0.0716557
7990,0.0718254
8000,0.0719953
8010,0.0721652
8020,0.0723353
8030,0.0725056
8040,0.0726759
8050,0.0728464
8060,0.073017
8070,0.0731877
8080,0.0733586
8090,0.0735295
8100,0.0737006
8110,0.0738718
8120,0.0740432
8130,0.0742146
8140,0.0743862
8150,0.0745579
8160,0.0747297
8170,0.0749017
8180,0.0750737
8190,0.0752459
8200,0.0754182
8210,0.0755906
8220,0.0757632
8230,0.0759358
8240,0.0761086
8250,0.0762815
8260,0.0764545
8270,0.0766277
8280,0.0768009
8290,0.0769743
8300,0.0771478
8310,0.0773214
8320,0.0774952
8330,0.077669
8340,0.077843
8350,0.0780171
8360,0.0781912
8370,0.0783656
8380,0.07854
8390,0.0787145
8400,0.0788892
8410,0.079064
8420,0.0792389
8430,0.0794139
8440,0.079589
8450,0.0797642
8460,0.0799396
8470,0.0801151
8480,0.0802906
8490,0.0804663
8500,0.0806421
8510,0.080818
8520,0.0809941
8530,0.0811702
8540,0.0813465
8550,0.0815229
8560,0.0816993
8570,0.0818759
8580,0.0820526
8590,0.0822295
8600,0.0824064
8610,0.0825834
8620,0.0827606
8630,0.0829378
8640,0.0831152
8650,0.0832927
8660,0.0834703
8670,0.083648
8680,0.0838258
8690,0.0840037
8700,0.0841817
8710,0.0843599
8720,0.0845381
8730,0.0847164
8740,0.0848949
8750,0.0850735
8760,0.0852522
8770,0.0854309
8780,0.0856098
8790,0.0857888
8800,0.0859679
8810,0.0861471
8820,0.0863264
8830,0.0865059
8840,0.0866854
8850,0.086865
8860,0.0870448
8870,0.0872246
8880,0.0874046
8890,0.0875846
8900,0.0877648
8910,0.087945
8920,0.0881254
8930,0.0883058
8940,0.0884864
8950,0.0886671
8960,0.0888479
8970,0.0890287
8980,0.0892097
8990,0.0893908
9000,0.089572
9010,0.0897533
9020,0.0899347
9030,0.0901162
9040,0.0902978
9050,0.0904794
9060,0.0906612
9070,0.0908431
9080,0.0910251
9090,0.0912072
9100,0.0913894
9110,0.0915717
9120,0.0917541
9130,0.0919366
9140,0.0921192
9150,0.0923019
9160,0.0924847
9170,0.0926676
9180,0.0928505
9190,0.0930336
9200,0.0932168
9210,0.0934001
9220,0.0935834
9230,0.0937669
9240,0.0939505
9250,0.0941342
9260,0.0943179
9270,0.0945018
9280,0.0946857
9290,0.0948698
9300,0.0950539
9310,0.0952382
9320,0.0954225
9330,0.0956069
9340,0.0957915
9350,0.0959761
9360,0.0961608
9370,0.0963456
9380,0.0965305
9390,0.0967155
9400,0.0969006
9410,0.0970858
9420,0.097271
9430,0.0974564
9440,0.0976419
9450,0.0978274
9460,0.098013
9470,0.0981988
9480,0.0983846
9490,0.0985705
9500,0.0987565
9510,0.0989426
9520,0.0991288
9530,0.0993151
9540,0.0995015
9550,0.0996879
9560,0.0998745
9570,0.1000611
9580,0.1002479
9590,0.1004347
9600,0.1006216
9610,0.1008086
9620,0.1009957
9630,0.1011828
9640,0.1013701
9650,0.1015575
9660,0.1017449
9670,0.1019324
9680,0.10212
9690,0.1023077
9700,0.1024955
9710,0.1026834
9720,0.1028714
9730,0.1030594
9740,0.1032475
9750,0.1034357
9760,0.103624
9770,0.1038124
9780,0.1040009
9790,0.1041895
9800,0.1043781
9810,0.1045668
9820,0.1047557
9830,0.1049445
9840,0.1051335
9850,0.1053226
9860,0.1055117
9870,0.105701
9880,0.1058903
9890,0.1060797
9900,0.1062691
9910,0.1064587
9920,0.1066483
9930,0.1068381
9940,0.1070279
9950,0.1072178
9960,0.1074078
9970,0.1075978
9980,0.1077879
9990,0.1079781
10000,0.1081684
10010,0.1083588
10020,0.1085493
10030,0.1087398
10040,0.1089304
10050,0.1091211
10060,0.1093119
10070,0.1095027
10080,0.1096937
10090,0.1098847
10100,0.1100758
10110,0.1102669
10120,0.1104582
10130,0.1106495
10140,0.1108409
10150,0.1110324
10160,0.1112239
10170,0.1114156
10180,0.1116073
10190,0.111799
10200,0.1119909
10210,0.1121828
10220,0.1123749
10230,0.1125669
10240,0.1127591
10250,0.1129513
10260,0.1131437
10270,0.1133361
10280,0.1135285
10290,0.1137211
10300,0.1139137
10310,0.1141064
10320,0.1142991
10330,0.114492
10340,0.1146849
10350,0.1148779
10360,0.1150709
10370,0.115264
10380,0.1154572
10390,0.1156505
10400,0.1158439
10410,0.1160373
10420,0.1162308
10430,0.1164244
10440,0.116618
10450,0.1168117
10460,0.1170055
10470,0.1171993
10480,0.1173932
10490,0.1175872
10500,0.1177813
10510,0.1179754
10520,0.1181696
10530,0.1183639
10540,0.1185582
10550,0.1187526
10560,0.1189471
10570,0.1191417
10580,0.1193363
10590,0.119531
10600,0.1197257
10610,0.1199205
10620,0.1201154
10630,0.1203104
10640,0.1205054
10650,0.1207005
10660,0.1208957
10670,0.1210909
10680,0.1212862
10690,0.1214816
10700,0.121677
10710,0.1218725
10720,0.122068
10730,0.1222637
10740,0.1224593
10750,0.1226551
10760,0.1228509
10770,0.1230468
10780,0.1232428
10790,0.1234388
10800,0.1236349
10810,0.123831
10820,0.1240272
10830,0.1242235
10840,0.1244198
10850,0.1246162
10860,0.1248127
10870,0.1250092
10880,0.1252058
10890,0.1254025
10900,0.1255992
10910,0.125796
10920,0.1259928
10930,0.1261897
10940,0.1263867
10950,0.1265837
10960,0.1267808
10970,0.1269779
10980,0.1271751
10990,0.1273724
11000,0.1275698
11010,0.1277672
11020,0.1279646
11030,0.1281621
11040,0.1283597
11050,0.1285573
11060,0.128755
11070,0.1289528
11080,0.1291506
11090,0.1293484
11100,0.1295464
11110,0.1297444
11120,0.1299424
11130,0.1301405
11140,0.1303387
11150,0.1305369
11160,0.1307352
11170,0.1309335
11180,0.1311319
11190,0.1313303
11200,0.1315288
11210,0.1317274
11220,0.131926
11230,0.1321247
11240,0.1323234
11250,0.1325222
11260,0.1327211
11270,0.13292
11280,0.1331189
11290,0.1333179
11300,0.133517
11310,0.1337161
11320,0.1339153
11330,0.1341145
11340,0.1343138
11350,0.1345131
11360,0.1347125
11370,0.134912
11380,0.1351115
11390,0.135311
11400,0.1355106
11410,0.1357103
11420,0.13591
11430,0.1361097
11440,0.1363096
11450,0.1365094
11460,0.1367093
11470,0.1369093
11480,0.1371094
11490,0.1373094
11500,0.1375096
11510,0.1377097
11520,0.13791
11530,0.1381102
11540,0.1383106
11550,0.1385109
11560,0.1387114
11570,0.1389119
11580,0.1391124
11590,0.139313
11600,0.1395136
11610,0.1397143
11620,0.139915
11630,0.1401158
11640,0.1403166
11650,0.1405175
11660,0.1407184
11670,0.1409194
11680,0.1411204
11690,0.1413215
11700,0.1415226
11710,0.1417238
11720,0.141925
11730,0.1421263
11740,0.1423276
11750,0.1425289
11760,0.1427303
11770,0.1429318
11780,0.1431332
11790,0.1433348
11800,0.1435364
11810,0.143738
11820,0.1439397
11830,0.1441414
11840,0.1443432
11850,0.144545
11860,0.1447469
11870,0.1449488
11880,0.1451507
11890,0.1453527
11900,0.1455547
11910,0.1457568
11920,0.1459589
11930,0.1461611
11940,0.1463633
11950,0.1465656
11960,0.1467679
11970,0.1469702
11980,0.1471726
11990,0.147375
12000,0.1475775
12010,0.14778
12020,0.1479826
12030,0.1481852
12040,0.1483878
12050,0.1485905
12060,0.1487932
12070,0.148996
12080,0.1491988
12090,0.1494016
12100,0.1496045
12110,0.1498074
12120,0.1500104
12130,0.1502134
12140,0.1504165
12150,0.1506195
12160,0.1508227
12170,0.1510259
12180,0.1512291
12190,0.1514323
12200,0.1516356
12210,0.1518389
12220,0.1520423
12230,0.1522457
12240,0.1524491
12250,0.1526526
12260,0.1528561
12270,0.1530597
12280,0.1532633
12290,0.1534669
12300,0.1536706
12310,0.1538743
12320,0.154078
12330,0.1542818
12340,0.1544856
12350,0.1546895
12360,0.1548933
12370,0.1550973
12380,0.1553012
12390,0.1555052
12400,0.1557093
12410,0.1559133
12420,0.1561175
12430,0.1563216
12440,0.1565258
12450,0.15673
12460,0.1569342
12470,0.1571385
12480,0.1573428
12490,0.1575472
12500,0.1577515
12510,0.157956
12520,0.1581604
12530,0.1583649
12540,0.1585694
12550,0.158774
12560,0.1589786
12570,0.1591832
12580,0.1593878
12590,0.1595925
12600,0.1597972
12610,0.160002
12620,0.1602068
12630,0.1604116
12640,0.1606164
12650,0.1608213
12660,0.1610262
12670,0.1612311
12680,0.1614361
12690,0.1616411
12700,0.1618462
12710,0.1620512
12720,0.1622563
12730,0.1624614
12740,0.1626666
12750,0.1628718
12760,0.163077
12770,0.1632823
12780,0.1634875
12790,0.1636928
12800,0.1638982
12810,0.1641035
12820,0.1643089
12830,0.1645143
12840,0.1647198
12850,0.1649253
12860,0.1651308
12870,0.1653363
12880,0.1655419
12890,0.1657475
12900,0.1659531
12910,0.1661587
12920,0.1663644
12930,0.1665701
12940,0.1667758
12950,0.1669816
12960,0.1671874
12970,0.1673932
12980,0.167599
12990,0.1678049
13000,0.1680108
13010,0.1682167
13020,0.1684227
13030,0.1686286
13040,0.1688346
13050,0.1690406
13060,0.1692467
13070,0.1694527
13080,0.1696588
13090,0.169865
13100,0.1700711
13110,0.1702773
13120,0.1704835
13130,0.1706897
13140,0.1708959
13150,0.1711022
13160,0.1713085
13170,0.1715148
13180,0.1717211
13190,0.1719275
13200,0.1721339
13210,0.1723403
13220,0.1725467
13230,0.1727532
13240,0.1729596
13250,0.1731661
13260,0.1733727
13270,0.1735792
13280,0.1737858
13290,0.1739923
13300,0.174199
13310,0.1744056
13320,0.1746122
13330,0.1748189
13340,0.1750256
13350,0.1752323
13360,0.1754391
13370,0.1756458
13380,0.1758526
13390,0.1760594
13400,0.1762662
13410,0.176473
13420,0.1766799
13430,0.1768868
13440,0.1770937
13450,0.1773006
13460,0.1775075
13470,0.1777145
13480,0.1779215
13490,0.1781285
13500,0.1783355
13510,0.1785425
13520,0.1787495
13530,0.1789566
13540,0.1791637
13550,0.1793708
13560,0.1795779
13570,0.1797851
13580,0.1799922
13590,0.1801994
13600,0.1804066
13610,0.1806138
13620,0.180821
13630,0.1810283
13640,0.1812355
13650,0.1814428
13660,0.1816501
13670,0.1818574
13680,0.1820647
13690,0.1822721
13700,0.1824795
13710,0.1826868
13720,0.1828942
13730,0.1831016
13740,0.183309
13750,0.1835165
13760,0.1837239
13770,0.1839314
13780,0.1841389
13790,0.1843464
13800,0.1845539
13810,0.1847614
13820,0.184969
13830,0.1851765
13840,0.1853841
13850,0.1855917
13860,0.1857993
13870,0.1860069
13880,0.1862145
13890,0.1864221
13900,0.1866298
13910,0.1868374
13920,0.1870451
13930,0.1872528
13940,0.1874605
13950,0.1876682
13960,0.1878759
13970,0.1880837
13980,0.1882914
13990,0.1884992
14000,0.188707
14010,0.1889147
14020,0.1891225
14030,0.1893303
14040,0.1895382
14050,0.189746
14060,0.1899538
14070,0.1901617
14080,0.1903696
14090,0.1905774
14100,0.1907853
14110,0.1909932
14120,0.1912011
14130,0.191409
14140,0.191617
14150,0.1918249
14160,0.1920328
14170,0.1922408
14180,0.1924488
14190,0.1926567
14200,0.1928647
14210,0.1930727
14220,0.1932807
14230,0.1934887
14240,0.1936967
14250,0.1939047
14260,0.1941128
14270,0.1943208
14280,0.1945289
14290,0.1947369
14300,0.194945
14310,0.1951531
14320,0.1953612
14330,0.1955693
14340,0.1957774
14350,0.1959855
14360,0.1961936
14370,0.1964017
14380,0.1966098
14390,0.1968179
14400,0.1970261
14410,0.1972342
14420,0.1974424
14430,0.1976505
14440,0.1978587
14450,0.1980669
14460,0.198275
14470,0.1984832
14480,0.1986914
14490,0.1988996
14500,0.1991078
14510,0.199316
14520,0.1995242
14530,0.1997324
14540,0.1999406
14550,0.2001489
14560,0.2003571
14570,0.2005653
14580,0.2007735
14590,0.2009818
14600,0.20119
14610,0.2013983
14620,0.2016065
14630,0.2018148
14640,0.202023
14650,0.2022313
14660,0.2024396
14670,0.2026478
14680,0.2028561
14690,0.2030644
14700,0.2032726
14710,0.2034809
14720,0.2036892
14730,0.2038975
14740,0.2041058
14750,0.2043141
14760,0.2045224
14770,0.2047307
14780,0.2049389
14790,0.2051472
14800,0.2053555
14810,0.2055638
14820,0.2057721
14830,0.2059804
14840,0.2061887
14850,0.206397
14860,0.2066053
14870,0.2068136
14880,0.207022
14890,0.2072303
14900,0.2074386
14910,0.2076469
14920,0.2078552
14930,0.2080635
14940,0.2082718
14950,0.2084801
14960,0.2086884
14970,0.2088967
14980,0.209105
14990,0.2093133
15000,0.2095216
15010,0.2097299
15020,0.2099382
15030,0.2101465
15040,0.2103548
15050,0.2105631
15060,0.2107714
15070,0.2109797
15080,0.211188
15090,0.2113963
15100,0.2116046
15110,0.2118129
15120,0.2120212
15130,0.2122294
15140,0.2124377
15150,0.212646
15160,0.2128543
15170,0.2130625
15180,0.2132708
15190,0.2134791
15200,0.2136873
15210,0.2138956
15220,0.2141038
15230,0.2143121
15240,0.2145204
15250,0.2147286
15260,0.2149368
15270,0.2151451
15280,0.2153533
15290,0.2155615
15300,0.2157698
15310,0.215978
15320,0.2161862
15330,0.2163944
15340,0.2166026
15350,0.2168108
15360,0.217019
15370,0.2172272
15380,0.2174354
15390,0.2176436
15400,0.2178517
15410,0.2180599
15420,0.2182681
15430,0.2184763
15440,0.2186844
15450,0.2188926
15460,0.2191007
15470,0.2193088
15480,0.219517
15490,0.2197251
15500,0.2199332
15510,0.2201413
15520,0.2203494
15530,0.2205575
15540,0.2207656
15550,0.2209737
15560,0.2211817
15570,0.2213898
15580,0.2215979
15590,0.2218059
15600,0.222014
15610,0.222222
15620,0.22243
15630,0.222638
15640,0.2228461
15650,0.2230541
15660,0.2232621
15670,0.2234701
15680,0.2236781
15690,0.223886
15700,0.224094
15710,0.224302
15720,0.2245099
15730,0.2247178
15740,0.2249258
15750,0.2251337
15760,0.2253416
15770,0.2255495
15780,0.2257574
15790,0.2259652
15800,0.2261731
15810,0.226381
15820,0.2265888
15830,0.2267967
15840,0.2270045
15850,0.2272123
15860,0.2274201
15870,0.2276279
15880,0.2278357
15890,0.2280435
15900,0.2282513
15910,0.228459
15920,0.2286668
15930,0.2288745
15940,0.2290823
15950,0.22929
15960,0.2294977
15970,0.2297054
15980,0.229913
15990,0.2301207
16000,0.2303283
16010,0.230536
16020,0.2307436
16030,0.2309512
16040,0.2311588
16050,0.2313664
16060,0.231574
16070,0.2317816
16080,0.2319891
16090,0.2321967
16100,0.2324042
16110,0.2326118
16120,0.2328193
16130,0.2330268
16140,0.2332342
16150,0.2334417
16160,0.2336492
16170,0.2338566
16180,0.234064
16190,0.2342714
16200,0.2344788
16210,0.2346862
16220,0.2348936
16230,0.2351009
16240,0.2353083
16250,0.2355156
16260,0.2357229
16270,0.2359302
16280,0.2361375
16290,0.2363448
16300,0.236552
16310,0.2367593
16320,0.2369665
16330,0.2371737
16340,0.2373809
16350,0.2375881
16360,0.2377953
16370,0.2380024
16380,0.2382096
16390,0.2384167
16400,0.2386238
16410,0.2388309
16420,0.2390379
16430,0.239245
16440,0.239452
16450,0.2396591
16460,0.2398661
16470,0.2400731
16480,0.24028
16490,0.240487
16500,0.2406939
16510,0.2409009
16520,0.2411078
16530,0.2413147
16540,0.2415215
16550,0.2417284
16560,0.2419352
16570,0.242142
16580,0.2423489
16590,0.2425557
16600,0.2427624
16610,0.2429692
16620,0.2431759
16630,0.2433826
16640,0.2435893
16650,0.243796
16660,0.2440027
16670,0.2442093
16680,0.244416
16690,0.2446226
16700,0.2448292
16710,0.2450357
16720,0.2452423
16730,0.2454488
16740,0.2456553
16750,0.2458618
16760,0.2460683
16770,0.2462748
16780,0.2464812
16790,0.2466876
16800,0.246894
16810,0.2471004
16820,0.2473068
16830,0.2475131
16840,0.2477195
16850,0.2479258
16860,0.248132
16870,0.2483383
16880,0.2485445
16890,0.2487508
16900,0.248957
16910,0.2491631
16920,0.2493693
16930,0.2495754
16940,0.2497816
16950,0.2499877
16960,0.2501937
16970,0.2503998
16980,0.2506058
16990,0.2508119
17000,0.2510178
17010,0.2512238
17020,0.2514298
17030,0.2516357
17040,0.2518416
17050,0.2520475
17060,0.2522534
17070,0.2524593
17080,0.2526651
17090,0.2528709
17100,0.2530767
17110,0.2532824
17120,0.2534881
17130,0.2536939
17140,0.2538996
17150,0.2541052
17160,0.2543109
17170,0.2545165
17180,0.2547221
17190,0.2549277
17200,0.2551332
17210,0.2553388
17220,0.2555443
17230,0.2557498
17240,0.2559552
17250,0.2561607
17260,0.2563661
17270,0.2565715
17280,0.2567768
17290,0.2569822
17300,0.2571875
17310,0.2573928
17320,0.2575981
17330,0.2578034
17340,0.2580086
17350,0.2582138
17360,0.258419
17370,0.2586241
17380,0.2588293
17390,0.2590344
17400,0.2592395
17410,0.2594445
17420,0.2596496
17430,0.2598546
17440,0.2600596
17450,0.2602645
17460,0.2604695
17470,0.2606744
17480,0.2608792
17490,0.2610841
17500,0.2612889
17510,0.2614938
17520,0.2616986
17530,0.2619033
17540,0.2621081
17550,0.2623128
17560,0.2625175
17570,0.2627221
17580,0.2629267
17590,0.2631314
17600,0.2633359
17610,0.2635405
17620,0.263745
17630,0.2639495
17640,0.264154
17650,0.2643584
17660,0.2645629
17670,0.2647673
17680,0.2649716
17690,0.265176
17700,0.2653803
17710,0.2655846
17720,0.2657888
17730,0.2659931
17740,0.2661973
17750,0.2664015
17760,0.2666057
17770,0.2668098
17780,0.2670139
17790,0.2672179
17800,0.267422
17810,0.267626
17820,0.26783
17830,0.268034
17840,0.2682379
17850,0.2684418
17860,0.2686457
17870,0.2688495
17880,0.2690534
17890,0.2692571
17900,0.2694609
17910,0.2696647
17920,0.2698684
17930,0.270072
17940,0.2702757
17950,0.2704793
17960,0.2706829
17970,0.2708865
17980,0.27109
17990,0.2712936
18000,0.271497
18010,0.2717005
18020,0.2719039
18030,0.2721073
18040,0.2723107
18050,0.272514
18060,0.2727173
18070,0.2729206
18080,0.2731238
18090,0.2733271
18100,0.2735303
18110,0.2737334
18120,0.2739365
18130,0.2741396
18140,0.2743427
18150,0.2745457
18160,0.2747488
18170,0.2749517
18180,0.2751547
18190,0.2753576
18200,0.2755605
18210,0.2757633
18220,0.2759662
18230,0.276169
18240,0.2763718
18250,0.2765745
18260,0.2767772
18270,0.2769799
18280,0.2771825
18290,0.2773851
18300,0.2775877
18310,0.2777903
18320,0.2779928
18330,0.2781953
18340,0.2783977
18350,0.2786002
18360,0.2788026
18370,0.2790049
18380,0.2792072
18390,0.2794095
18400,0.2796118
18410,0.279814
18420,0.2800163
18430,0.2802184
18440,0.2804206
18450,0.2806227
18460,0.2808248
18470,0.2810268
18480,0.2812288
18490,0.2814308
18500,0.2816328
18510,0.2818347
18520,0.2820366
18530,0.2822384
18540,0.2824402
18550,0.282642
18560,0.2828438
18570,0.2830455
18580,0.2832472
18590,0.2834488
18600,0.2836505
18610,0.2838521
18620,0.2840536
18630,0.2842551
18640,0.2844566
18650,0.2846581
18660,0.2848595
18670,0.2850609
18680,0.2852622
18690,0.2854636
18700,0.2856649
18710,0.2858661
18720,0.2860674
18730,0.2862686
18740,0.2864697
18750,0.2866708
18760,0.2868719
18770,0.287073
18780,0.287274
18790,0.287475
18800,0.2876759
18810,0.2878768
18820,0.2880777
18830,0.2882786
18840,0.2884794
18850,0.2886802
18860,0.2888809
18870,0.2890816
18880,0.2892823
18890,0.2894829
18900,0.2896835
18910,0.2898841
18920,0.2900846
18930,0.2902852
18940,0.2904856
18950,0.2906861
18960,0.2908865
18970,0.2910868
18980,0.2912871
18990,0.2914874
19000,0.2916877
19010,0.2918879
19020,0.2920881
19030,0.2922882
19040,0.2924884
19050,0.2926884
19060,0.2928885
19070,0.2930885
19080,0.2932884
19090,0.2934884
19100,0.2936883
19110,0.2938881
19120,0.294088
19130,0.2942878
19140,0.2944875
19150,0.2946872
19160,0.2948869
19170,0.2950866
19180,0.2952862
19190,0.2954858
19200,0.2956853
19210,0.2958848
19220,0.2960843
19230,0.2962837
19240,0.2964831
19250,0.2966824
19260,0.2968817
19270,0.297081
19280,0.2972803
19290,0.2974795
19300,0.2976786
19310,0.2978778
19320,0.2980769
19330,0.2982759
19340,0.2984749
19350,0.2986739
19360,0.2988729
19370,0.2990718
19380,0.2992706
19390,0.2994695
19400,0.2996683
19410,0.299867
19420,0.3000658
19430,0.3002644
19440,0.3004631
19450,0.3006617
19460,0.3008603
19470,0.3010588
19480,0.3012573
19490,0.3014557
19500,0.3016541
19510,0.3018525
19520,0.3020509
19530,0.3022492
19540,0.3024474
19550,0.3026456
19560,0.3028438
19570,0.303042
19580,0.3032401
19590,0.3034382
19600,0.3036362
19610,0.3038342
19620,0.3040321
19630,0.30423
19640,0.304428
19650,0.3046258
19660,0.3048236
19670,0.3050214
19680,0.3052191
19690,0.3054168
19700,0.3056144
19710,0.305812
19720,0.3060096
19730,0.3062071
19740,0.3064046
19750,0.306602
19760,0.3067994
19770,0.3069968
19780,0.3071941
19790,0.3073914
19800,0.3075887
19810,0.3077859
19820,0.307983
19830,0.3081802
19840,0.3083772
19850,0.3085743
19860,0.3087713
19870,0.3089683
19880,0.3091652
19890,0.3093621
19900,0.309559
19910,0.3097558
19920,0.3099526
19930,0.3101493
19940,0.310346
19950,0.3105426
19960,0.3107392
19970,0.3109358
19980,0.3111323
19990,0.3113288
20000,0.3115252
